Spotify ID,Artist IDs,Track Name,Album Name,Artist Name(s),Release Date,Duration (ms),Popularity,Added By,Added At,Genres,Danceability,Energy,Key,Loudness,Mode,Speechiness,Acousticness,Instrumentalness,Liveness,Valence,Tempo,Time Signature
38dxwjNTN6sw1ZV3EivUUu,"1uNFoZAHBGtllmzznpCI3s","One Time","My World (Canada Version - All BP's)","Justin Bieber",2009-01-01,215866,49,spotify:user:12132863200,2023-11-04T03:15:28Z,"canadian pop,pop",0.691,0.853,1,-2.528,0,0.0372,0.0631,0.0000713,0.082,0.762,145.999,4
5DMY2szRG9GgfjKkRHtKxg,"1uNFoZAHBGtllmzznpCI3s","Favorite Girl","My World (Canada Version - All BP's)","Justin Bieber",2009-01-01,256799,42,spotify:user:12132863200,2023-11-04T03:15:28Z,"canadian pop,pop",0.581,0.681,7,-4.469,1,0.0435,0.0472,0,0.104,0.634,176.034,4
1GcOQjlDOmtzO6ZOTnc8Xy,"1uNFoZAHBGtllmzznpCI3s","Down To Earth","My World (Canada Version - All BP's)","Justin Bieber",2009-01-01,245760,35,spotify:user:12132863200,2023-11-04T03:15:28Z,"canadian pop,pop",0.543,0.718,2,-4.795,1,0.0268,0.432,0,0.437,0.155,82.003,4
77kfOaLb3jneS0lCbc9AMA,"1uNFoZAHBGtllmzznpCI3s","Bigger","My World (Canada Version - All BP's)","Justin Bieber",2009-01-01,197800,28,spotify:user:12132863200,2023-11-04T03:15:28Z,"canadian pop,pop",0.78,0.733,0,-2.851,0,0.112,0.166,0,0.341,0.895,104.086,4
6sj3SlT8e4JCcnK60ua1XX,"1uNFoZAHBGtllmzznpCI3s","One Less Lonely Girl","My World (Canada Version - All BP's)","Justin Bieber",2009-01-01,229106,47,spotify:user:12132863200,2023-11-04T03:15:28Z,"canadian pop,pop",0.58,0.75,4,-4.421,1,0.194,0.159,0,0.274,0.728,86.938,4
5dyPmLq6Zf0nFK6CVC357c,"1uNFoZAHBGtllmzznpCI3s,23zg3TcAtWQy7J6upgbUnj","First Dance","My World (Canada Version - All BP's)","Justin Bieber,USHER",2009-01-01,222333,28,spotify:user:12132863200,2023-11-04T03:15:28Z,"canadian pop,pop,atl hip hop,contemporary r&b,dance pop,r&b,rap,south carolina hip hop,urban contemporary",0.646,0.52,11,-7.289,1,0.0412,0.0137,0,0.275,0.328,68.517,4
1ax4ZAVsA2k1WmlAEiknCH,"1uNFoZAHBGtllmzznpCI3s","Love Me","My World (Canada Version - All BP's)","Justin Bieber",2009-01-01,191573,46,spotify:user:12132863200,2023-11-04T03:15:28Z,"canadian pop,pop",0.729,0.868,3,-3.319,1,0.0609,0.00939,0,0.283,0.632,124.957,4
6WhfEq52yI1InYIByjJEra,"1uNFoZAHBGtllmzznpCI3s","One Less Lonely Girl - French Vocal","My World (Canada Version - All BP's)","Justin Bieber",2009-01-01,227960,26,spotify:user:12132863200,2023-11-04T03:15:28Z,"canadian pop,pop",0.576,0.771,4,-4.168,1,0.191,0.123,0,0.45,0.691,86.828,4
6epn3r7S14KUqlReYr77hA,"1uNFoZAHBGtllmzznpCI3s,3ipn9JLAPI5GUEo4y4jcoi","Baby","My World 2.0","Justin Bieber,Ludacris",2010-01-01,214240,84,spotify:user:12132863200,2023-11-04T03:15:29Z,"canadian pop,pop,atl hip hop,dance pop,dirty south rap,hip hop,old school atlanta hip hop,pop rap,rap,southern hip hop,trap",0.728,0.859,5,-5.237,0,0.137,0.0401,0,0.111,0.535,65.043,4
3rLIv187BhjyweFe89SgLn,"1uNFoZAHBGtllmzznpCI3s","Somebody To Love","My World 2.0","Justin Bieber",2010-01-01,220920,73,spotify:user:12132863200,2023-11-04T03:15:29Z,"canadian pop,pop",0.714,0.833,5,-5.239,1,0.0259,0.00249,0,0.298,0.663,129.964,4
1DyV9obL0pPibOjW5ufg15,"1uNFoZAHBGtllmzznpCI3s","Stuck In The Moment","My World 2.0","Justin Bieber",2010-01-01,222960,65,spotify:user:12132863200,2023-11-04T03:15:29Z,"canadian pop,pop",0.721,0.698,0,-6.353,0,0.0526,0.165,0,0.133,0.365,89.987,4
6Xw2FLih8m5ItDbyP992HH,"1uNFoZAHBGtllmzznpCI3s","U Smile","My World 2.0","Justin Bieber",2010-01-01,196906,64,spotify:user:12132863200,2023-11-04T03:15:29Z,"canadian pop,pop",0.705,0.59,1,-5.308,1,0.0284,0.504,0,0.116,0.421,112.565,3
1xgN9KBVVoTNygpYjpXnvH,"1uNFoZAHBGtllmzznpCI3s","Runaway Love","My World 2.0","Justin Bieber",2010-01-01,212573,58,spotify:user:12132863200,2023-11-04T03:15:29Z,"canadian pop,pop",0.754,0.65,10,-6.046,0,0.0316,0.0833,0,0.177,0.924,104.023,4
01BlGnXpLuC0BjgUxVYZFb,"1uNFoZAHBGtllmzznpCI3s","Never Let You Go","My World 2.0","Justin Bieber",2010-01-01,264400,63,spotify:user:12132863200,2023-11-04T03:15:29Z,"canadian pop,pop",0.66,0.811,0,-4.852,1,0.0357,0.00141,0.00000117,0.251,0.675,103.191,4
1tzkJMX3gNjnpcHdLD0pM3,"1uNFoZAHBGtllmzznpCI3s,6sjsQahFYXgmOmocbuHou3","Overboard","My World 2.0","Justin Bieber,Jessica Jarrell",2010-01-01,251186,63,spotify:user:12132863200,2023-11-04T03:15:29Z,"canadian pop,pop",0.479,0.788,5,-5.212,1,0.0542,0.183,0,0.146,0.463,173.963,4
75vEuMA15pb8JmgrGugHEs,"1uNFoZAHBGtllmzznpCI3s,6S0dmVVn4udvppDhZIWxCr","Eenie Meenie","My World 2.0","Justin Bieber,Sean Kingston",2010-01-01,202626,0,spotify:user:12132863200,2023-11-04T03:15:29Z,"canadian pop,pop,dance pop,miami hip hop",0.718,0.588,1,-4.192,1,0.0318,0.0525,0,0.0991,0.812,121.22,4
7wj1Lb5ggzMWJ9TqZJ2dwo,"1uNFoZAHBGtllmzznpCI3s","Up","My World 2.0","Justin Bieber",2010-01-01,234933,57,spotify:user:12132863200,2023-11-04T03:15:29Z,"canadian pop,pop",0.711,0.717,0,-4.317,1,0.0396,0.084,0,0.09,0.589,125.949,4
0aPZbnkMoWJaJ5CNVLCj8S,"1uNFoZAHBGtllmzznpCI3s","That Should Be Me","My World 2.0","Justin Bieber",2010-01-01,232720,74,spotify:user:12132863200,2023-11-04T03:15:29Z,"canadian pop,pop",0.552,0.603,8,-5.71,1,0.0334,0.199,0,0.151,0.231,139.908,4
7pXlRu1d2FY2NuhManEhyT,"1uNFoZAHBGtllmzznpCI3s","One Time - Acoustic Version","My Worlds Acoustic","Justin Bieber",2010-01-01,186266,34,spotify:user:12132863200,2023-11-04T03:15:31Z,"canadian pop,pop",0.763,0.672,10,-6.941,0,0.033,0.039,0,0.14,0.897,146.021,4
0RJC486bAmd4ElLbGgXmWk,"1uNFoZAHBGtllmzznpCI3s","Baby - Acoustic Version","My Worlds Acoustic","Justin Bieber",2010-01-01,215453,35,spotify:user:12132863200,2023-11-04T03:15:31Z,"canadian pop,pop",0.814,0.708,2,-6.34,1,0.0505,0.117,0,0.0796,0.756,130.041,4
0rFkEu8r2FZAB9DhLFlAar,"1uNFoZAHBGtllmzznpCI3s","One Less Lonely Girl - Acoustic","My Worlds Acoustic","Justin Bieber",2010-01-01,237720,39,spotify:user:12132863200,2023-11-04T03:15:31Z,"canadian pop,pop",0.49,0.725,8,-7.641,1,0.05,0.0474,0,0.329,0.392,173.755,4
3oiG5ipBoABpvnVbe8m6xq,"1uNFoZAHBGtllmzznpCI3s","Down To Earth - Acoustic Version","My Worlds Acoustic","Justin Bieber",2010-01-01,243493,33,spotify:user:12132863200,2023-11-04T03:15:31Z,"canadian pop,pop",0.576,0.451,0,-5.634,1,0.0263,0.347,0,0.135,0.233,81.979,4
69PjNPesIOGuLKzFji0VPp,"1uNFoZAHBGtllmzznpCI3s","U Smile - Acoustic Version","My Worlds Acoustic","Justin Bieber",2010-01-01,196613,32,spotify:user:12132863200,2023-11-04T03:15:31Z,"canadian pop,pop",0.778,0.55,11,-5.266,1,0.0291,0.296,0,0.136,0.448,112.474,3
1AZjxcVtII3Zipt4qY4kwX,"1uNFoZAHBGtllmzznpCI3s","Stuck In The Moment - Acoustic Version","My Worlds Acoustic","Justin Bieber",2010-01-01,198760,34,spotify:user:12132863200,2023-11-04T03:15:31Z,"canadian pop,pop",0.716,0.599,0,-6.223,0,0.0287,0.391,0,0.249,0.287,89.951,4
0t4I4SX3fzodvM5cFYIx16,"1uNFoZAHBGtllmzznpCI3s","Favorite Girl (Live) - Acoustic Version","My Worlds Acoustic","Justin Bieber",2010-01-01,309893,38,spotify:user:12132863200,2023-11-04T03:15:31Z,"canadian pop,pop",0.421,0.588,2,-5.333,0,0.0406,0.778,0,0.334,0.408,88.436,4
3nBRUICiESaoa2IDr2suuz,"1uNFoZAHBGtllmzznpCI3s","That Should Be Me - Acoustic Version","My Worlds Acoustic","Justin Bieber",2010-01-01,249066,35,spotify:user:12132863200,2023-11-04T03:15:31Z,"canadian pop,pop",0.492,0.463,8,-6.371,1,0.0283,0.409,0,0.0723,0.0745,139.546,4
7HD4c6Kxii0yB9VZVy9eLq,"1uNFoZAHBGtllmzznpCI3s,0xOeVMOz2fVg5BJY3N6akT","Never Say Never - Acoustic Version","My Worlds Acoustic","Justin Bieber,Jaden",2010-01-01,223000,31,spotify:user:12132863200,2023-11-04T03:15:31Z,"canadian pop,pop,pop rap,rap",0.802,0.762,7,-4.047,1,0.0387,0.0563,0,0.152,0.825,96.904,4
0kQirFeMMngR2i4cek5PwL,"1uNFoZAHBGtllmzznpCI3s","Pray - Acoustic Version","My Worlds Acoustic","Justin Bieber",2010-01-01,212920,36,spotify:user:12132863200,2023-11-04T03:15:31Z,"canadian pop,pop",0.542,0.895,11,-5.231,1,0.0597,0.0864,0.00000961,0.105,0.648,163.986,4
4vVTI94F9uJ8lHNDWKv0i2,"6S0dmVVn4udvppDhZIWxCr,1uNFoZAHBGtllmzznpCI3s","Eenie Meenie","Eenie Meenie","Sean Kingston,Justin Bieber",2010-03-23,201946,79,spotify:user:12132863200,2023-11-04T03:15:34Z,"dance pop,miami hip hop,pop,canadian pop",0.72,0.607,1,-4.168,1,0.0322,0.0543,0,0.113,0.828,121.223,4
5GYbkDveRD2I8M5ZJ14hWn,"1uNFoZAHBGtllmzznpCI3s,0xOeVMOz2fVg5BJY3N6akT","Never Say Never","Never Say Never - The Remixes","Justin Bieber,Jaden",2011-01-01,227853,75,spotify:user:12132863200,2023-11-04T03:15:36Z,"canadian pop,pop,pop rap,rap",0.739,0.807,0,-5.063,1,0.0652,0.0181,0,0.295,0.632,97.048,4
42wmRq3kfUUuyszlkWQbPS,"1uNFoZAHBGtllmzznpCI3s,0a1gHP0HAqALbEyxaD5Ngn","That Should Be Me","Never Say Never - The Remixes","Justin Bieber,Rascal Flatts",2011-01-01,230786,60,spotify:user:12132863200,2023-11-04T03:15:36Z,"canadian pop,pop,contemporary country,country,country road,modern country rock",0.467,0.631,5,-6.762,0,0.0318,0.0312,0,0.0596,0.3,139.962,4
7IUl5c6u18rzmyQOblj10T,"1uNFoZAHBGtllmzznpCI3s,23zg3TcAtWQy7J6upgbUnj","Somebody To Love Remix","Never Say Never - The Remixes","Justin Bieber,USHER",2011-01-01,220160,60,spotify:user:12132863200,2023-11-04T03:15:36Z,"canadian pop,pop,atl hip hop,contemporary r&b,dance pop,r&b,rap,south carolina hip hop,urban contemporary",0.703,0.836,5,-4.619,1,0.0283,0.00388,0,0.16,0.552,129.987,4
0NLaJkNWZARgae0ojQOOvi,"1uNFoZAHBGtllmzznpCI3s,7bXgB6jMjp9ATFy66eO08Z","Up","Never Say Never - The Remixes","Justin Bieber,Chris Brown",2011-01-01,235626,46,spotify:user:12132863200,2023-11-04T03:15:36Z,"canadian pop,pop,pop rap,r&b,rap",0.633,0.708,0,-4.258,1,0.0452,0.123,0,0.1,0.616,62.997,4
5h4Z1fyzlAZhGPRaQz7ima,"1uNFoZAHBGtllmzznpCI3s,5YGY8feqx7naU7z4HrwZM6","Overboard (Live)","Never Say Never - The Remixes","Justin Bieber,Miley Cyrus",2011-01-01,307880,46,spotify:user:12132863200,2023-11-04T03:15:36Z,"canadian pop,pop",0.359,0.882,5,-4.482,1,0.0696,0.425,0,0.791,0.377,173.956,4
0esMJjir6P5YsfQinJANmm,"1uNFoZAHBGtllmzznpCI3s,2yQf6b8hxahZaT5dHlWaB1","Runaway Love - Kanye West Remix","Never Say Never - The Remixes","Justin Bieber,Raekwon",2011-01-01,287333,40,spotify:user:12132863200,2023-11-04T03:15:36Z,"canadian pop,pop,east coast hip hop,hardcore hip hop",0.742,0.742,1,-4.364,1,0.0928,0.14,0,0.073,0.819,104.046,4
1gWnUzwTMhOv4cWyj1CDxB,"1uNFoZAHBGtllmzznpCI3s","Born To Be Somebody","Never Say Never - The Remixes","Justin Bieber",2011-01-01,181026,49,spotify:user:12132863200,2023-11-04T03:15:36Z,"canadian pop,pop",0.674,0.619,1,-5.239,1,0.0295,0.187,0,0.0493,0.296,117.927,4
4xBmRSvFw7MdE79FWCn9Y5,"1uNFoZAHBGtllmzznpCI3s","Only Thing I Ever Get For Christmas","Under The Mistletoe","Justin Bieber",2011-01-01,192160,22,spotify:user:12132863200,2023-11-04T03:15:38Z,"canadian pop,pop",0.478,0.63,10,-8.032,1,0.0518,0.217,0,0.111,0.324,84.822,4
0yrkXIMacOpfY8vr3EIaZm,"1uNFoZAHBGtllmzznpCI3s","Mistletoe","Under The Mistletoe","Justin Bieber",2011-01-01,182946,35,spotify:user:12132863200,2023-11-04T03:15:38Z,"canadian pop,pop",0.658,0.56,6,-9.049,0,0.0467,0.498,0,0.0794,0.854,161.994,4
6Ju6gIHdmUR1bnfMj1vZ0o,"1uNFoZAHBGtllmzznpCI3s,23zg3TcAtWQy7J6upgbUnj","The Christmas Song (Chestnuts Roasting On An Open Fire)","Under The Mistletoe","Justin Bieber,USHER",2011-01-01,215160,24,spotify:user:12132863200,2023-11-04T03:15:38Z,"canadian pop,pop,atl hip hop,contemporary r&b,dance pop,r&b,rap,south carolina hip hop,urban contemporary",0.265,0.436,9,-9.542,0,0.0411,0.45,0,0.102,0.159,69.047,4
0Qy8CaRS8qt5la8iDIwCPp,"1uNFoZAHBGtllmzznpCI3s","Santa Claus Is Coming To Town","Under The Mistletoe","Justin Bieber",2011-01-01,216746,24,spotify:user:12132863200,2023-11-04T03:15:38Z,"canadian pop,pop",0.647,0.758,0,-6.584,0,0.0599,0.0272,0,0.292,0.838,104.969,4
72BoO8IyZ7eWd8fxlq5roH,"1uNFoZAHBGtllmzznpCI3s,6O74knDqdv3XaWtkII7Xjp","Fa La La","Under The Mistletoe","Justin Bieber,Boyz II Men",2011-01-01,185560,24,spotify:user:12132863200,2023-11-04T03:15:38Z,"canadian pop,pop,boy band,contemporary r&b,new jack swing,r&b,urban contemporary",0.657,0.679,10,-8.606,0,0.0361,0.0207,0.00000315,0.198,0.416,94.493,4
2peDP4CLL12GYUwEAa8Jhh,"1uNFoZAHBGtllmzznpCI3s,4iHNK0tOyZPYnBU7nGAgpQ","All I Want For Christmas Is You (SuperFestive!) Duet with Mariah Carey","Under The Mistletoe","Justin Bieber,Mariah Carey",2011-01-01,240333,24,spotify:user:12132863200,2023-11-04T03:15:38Z,"canadian pop,pop,dance pop,urban contemporary",0.576,0.911,9,-5.318,0,0.064,0.306,0,0.434,0.401,149.998,4
5hVQOZAsixWS1cOTrkZCoE,"1uNFoZAHBGtllmzznpCI3s,1YfEcTuGvBQ8xSD1f53UnK","Drummer Boy","Under The Mistletoe","Justin Bieber,Busta Rhymes",2011-01-01,225333,27,spotify:user:12132863200,2023-11-04T03:15:38Z,"canadian pop,pop,east coast hip hop,hardcore hip hop,hip hop,pop rap,rap",0.751,0.848,8,-8.32,1,0.0823,0.0248,0.000127,0.149,0.479,122.99,4
1iv9x3uy6zkx5wgktZtQN9,"1uNFoZAHBGtllmzznpCI3s","Christmas Eve","Under The Mistletoe","Justin Bieber",2011-01-01,223613,23,spotify:user:12132863200,2023-11-04T03:15:38Z,"canadian pop,pop",0.411,0.57,6,-10.54,0,0.0707,0.689,0,0.173,0.335,127.827,4
0Zph5RhKduB4zP5jKe721l,"1uNFoZAHBGtllmzznpCI3s","All I Want Is You","Under The Mistletoe","Justin Bieber",2011-01-01,216386,22,spotify:user:12132863200,2023-11-04T03:15:38Z,"canadian pop,pop",0.564,0.823,5,-8.651,1,0.0405,0.0461,0,0.109,0.482,149.005,4
7r19dT6YiY12ntlMFBpMG6,"1uNFoZAHBGtllmzznpCI3s,75FnCoo4FBxH5K1Rrx0k5A","Home This Christmas","Under The Mistletoe","Justin Bieber,The Band Perry",2011-01-01,204400,18,spotify:user:12132863200,2023-11-04T03:15:38Z,"canadian pop,pop,contemporary country,country,country dawn,country road",0.539,0.628,5,-6.502,1,0.0312,0.271,0,0.112,0.493,140.024,4
5Mc0o4NwxnxQKrnw6Bixyb,"1uNFoZAHBGtllmzznpCI3s","Silent Night","Under The Mistletoe","Justin Bieber",2011-01-01,169426,17,spotify:user:12132863200,2023-11-04T03:15:38Z,"canadian pop,pop",0.286,0.0346,3,-18.395,1,0.0404,0.958,0,0.115,0.172,77.386,1
4BY6dDtUBweniXJXnd13Ek,"1uNFoZAHBGtllmzznpCI3s","Only Thing I Ever Get For Christmas","Under The Mistletoe (Deluxe Edition)","Justin Bieber",2011-01-01,192160,47,spotify:user:12132863200,2023-11-04T03:15:38Z,"canadian pop,pop",0.581,0.63,10,-8.032,1,0.0459,0.217,0,0.111,0.326,86.063,4
7xapw9Oy21WpfEcib2ErSA,"1uNFoZAHBGtllmzznpCI3s","Mistletoe","Under The Mistletoe (Deluxe Edition)","Justin Bieber",2011-01-01,182946,73,spotify:user:12132863200,2023-11-04T03:15:38Z,"canadian pop,pop",0.657,0.56,6,-9.049,0,0.0467,0.498,0,0.0794,0.854,161.993,4
3eYnKe0LhQA1B5HEkQaRTP,"1uNFoZAHBGtllmzznpCI3s,23zg3TcAtWQy7J6upgbUnj","The Christmas Song (Chestnuts Roasting On An Open Fire)","Under The Mistletoe (Deluxe Edition)","Justin Bieber,USHER",2011-01-01,215160,55,spotify:user:12132863200,2023-11-04T03:15:38Z,"canadian pop,pop,atl hip hop,contemporary r&b,dance pop,r&b,rap,south carolina hip hop,urban contemporary",0.533,0.436,9,-9.542,0,0.0289,0.45,0,0.102,0.169,103.477,3
1JJUsWVriEtXr8lHSQXTIy,"1uNFoZAHBGtllmzznpCI3s","Santa Claus Is Coming To Town","Under The Mistletoe (Deluxe Edition)","Justin Bieber",2011-01-01,216746,53,spotify:user:12132863200,2023-11-04T03:15:38Z,"canadian pop,pop",0.651,0.758,0,-6.584,0,0.0578,0.0272,0,0.292,0.839,104.956,4
5Ea0FNlMDWkraQDlfOPrDv,"1uNFoZAHBGtllmzznpCI3s,6O74knDqdv3XaWtkII7Xjp","Fa La La","Under The Mistletoe (Deluxe Edition)","Justin Bieber,Boyz II Men",2011-01-01,185560,51,spotify:user:12132863200,2023-11-04T03:15:38Z,"canadian pop,pop,boy band,contemporary r&b,new jack swing,r&b,urban contemporary",0.658,0.679,10,-8.606,0,0.0361,0.0207,0.00000315,0.198,0.42,94.489,4
1IUtgwxLYzDVd41EgbKUjX,"1uNFoZAHBGtllmzznpCI3s,4iHNK0tOyZPYnBU7nGAgpQ","All I Want For Christmas Is You (SuperFestive!) Duet with Mariah Carey","Under The Mistletoe (Deluxe Edition)","Justin Bieber,Mariah Carey",2011-01-01,240333,55,spotify:user:12132863200,2023-11-04T03:15:38Z,"canadian pop,pop,dance pop,urban contemporary",0.575,0.911,9,-5.318,0,0.0639,0.306,0,0.434,0.407,150.001,4
0Pd4lsvSDPkcNCxbcz0UeV,"1uNFoZAHBGtllmzznpCI3s,1YfEcTuGvBQ8xSD1f53UnK","Drummer Boy","Under The Mistletoe (Deluxe Edition)","Justin Bieber,Busta Rhymes",2011-01-01,225333,52,spotify:user:12132863200,2023-11-04T03:15:38Z,"canadian pop,pop,east coast hip hop,hardcore hip hop,hip hop,pop rap,rap",0.752,0.85,8,-8.327,1,0.0819,0.025,0.000131,0.149,0.491,122.991,4
6Zztw1ERHqXAngHE8PfO6N,"1uNFoZAHBGtllmzznpCI3s","Christmas Eve","Under The Mistletoe (Deluxe Edition)","Justin Bieber",2011-01-01,223613,48,spotify:user:12132863200,2023-11-04T03:15:38Z,"canadian pop,pop",0.409,0.57,6,-10.54,0,0.0711,0.687,0,0.173,0.336,128.657,4
0E4rAAAzRPE8I7tYzNq99p,"1uNFoZAHBGtllmzznpCI3s","All I Want Is You","Under The Mistletoe (Deluxe Edition)","Justin Bieber",2011-01-01,216386,46,spotify:user:12132863200,2023-11-04T03:15:38Z,"canadian pop,pop",0.564,0.823,5,-8.65,1,0.0405,0.0461,0,0.109,0.482,149.009,4
192yj763UcVbfyxFrVmIac,"1uNFoZAHBGtllmzznpCI3s,75FnCoo4FBxH5K1Rrx0k5A","Home This Christmas","Under The Mistletoe (Deluxe Edition)","Justin Bieber,The Band Perry",2011-01-01,204400,43,spotify:user:12132863200,2023-11-04T03:15:38Z,"canadian pop,pop,contemporary country,country,country dawn,country road",0.54,0.628,5,-6.502,1,0.0312,0.268,0,0.112,0.493,140.013,4
60iHtNrA3WoJsXa1dgjGAZ,"1uNFoZAHBGtllmzznpCI3s","Silent Night","Under The Mistletoe (Deluxe Edition)","Justin Bieber",2011-01-01,169080,42,spotify:user:12132863200,2023-11-04T03:15:38Z,"canadian pop,pop",0.263,0.0346,3,-18.395,1,0.0409,0.958,0,0.115,0.171,80.273,4
3RH9idbxUAMcUldet2ormp,"1uNFoZAHBGtllmzznpCI3s","Christmas Love","Under The Mistletoe (Deluxe Edition)","Justin Bieber",2011-01-01,206786,56,spotify:user:12132863200,2023-11-04T03:15:38Z,"canadian pop,pop",0.621,0.512,10,-8.577,1,0.03,0.518,0,0.328,0.372,99.887,4
60lFlh6OL0BKHxGEAoyVp7,"1uNFoZAHBGtllmzznpCI3s,6O74knDqdv3XaWtkII7Xjp","Fa La La - A Cappella","Under The Mistletoe (Deluxe Edition)","Justin Bieber,Boyz II Men",2011-01-01,175213,42,spotify:user:12132863200,2023-11-04T03:15:38Z,"canadian pop,pop,boy band,contemporary r&b,new jack swing,r&b,urban contemporary",0.61,0.208,3,-11.879,1,0.0319,0.846,0,0.152,0.686,94.525,4
3O5zp6tOdGFWi0NdzC0frI,"1uNFoZAHBGtllmzznpCI3s","Pray","Under The Mistletoe (Deluxe Edition)","Justin Bieber",2011-01-01,212320,50,spotify:user:12132863200,2023-11-04T03:15:38Z,"canadian pop,pop",0.569,0.797,11,-7.674,1,0.0599,0.124,0.00000114,0.105,0.664,163.972,4
1c3KqIIDoomFj4551PD1A5,"1uNFoZAHBGtllmzznpCI3s","Someday At Christmas","Under The Mistletoe (Deluxe Edition)","Justin Bieber",2011-01-01,173040,42,spotify:user:12132863200,2023-11-04T03:15:38Z,"canadian pop,pop",0.523,0.465,4,-8.57,0,0.0328,0.435,0,0.22,0.266,100.668,4
5f9c5HFRJHNYkNpfwg9LNY,"1uNFoZAHBGtllmzznpCI3s,0hCNtLu0JehylgoiP8L4Gh,2fLCjXwadBsnYmn05uxFpi","Beauty And A Beat - Wideboys Club Mix","Beauty And A Beat (Remixes)","Justin Bieber,Nicki Minaj,Wideboys",2012-01-01,368160,28,spotify:user:12132863200,2023-11-04T03:15:40Z,"canadian pop,pop,hip pop,queens hip hop,rap,uk garage",0.666,0.535,9,-4.707,0,0.0992,0.00538,0.000214,0.0647,0.517,128.014,4
1r1yu29R4NkPPfeCZR0Ygy,"1uNFoZAHBGtllmzznpCI3s,0hCNtLu0JehylgoiP8L4Gh,2fLCjXwadBsnYmn05uxFpi","Beauty And A Beat - Wideboys Radio Mix","Beauty And A Beat (Remixes)","Justin Bieber,Nicki Minaj,Wideboys",2012-01-01,233253,39,spotify:user:12132863200,2023-11-04T03:15:40Z,"canadian pop,pop,hip pop,queens hip hop,rap,uk garage",0.485,0.841,0,-4.103,1,0.102,0.0255,0.00000897,0.378,0.472,128.023,4
4TS4j0jS1wyVOXVHErXfEb,"1uNFoZAHBGtllmzznpCI3s,2fLCjXwadBsnYmn05uxFpi","Beauty And A Beat - Wideboys Dub","Beauty And A Beat (Remixes)","Justin Bieber,Wideboys",2012-01-01,368133,17,spotify:user:12132863200,2023-11-04T03:15:40Z,"canadian pop,pop,uk garage",0.715,0.533,9,-5.77,0,0.0676,0.00132,0.476,0.0662,0.378,128.009,4
7k0yAwRxpFjjLOKQ1LvvhS,"1uNFoZAHBGtllmzznpCI3s,0hCNtLu0JehylgoiP8L4Gh,4n1QLJXpJyIV42uMORty2W","Beauty And A Beat - Bisbetic Remix","Beauty And A Beat (Remixes)","Justin Bieber,Nicki Minaj,Bisbetic",2012-01-01,370666,20,spotify:user:12132863200,2023-11-04T03:15:40Z,"canadian pop,pop,hip pop,queens hip hop,rap",0.749,0.757,0,-6.882,1,0.17,0.00513,0.0281,0.376,0.16,127.964,4
3ovqiLFCU9Rlnm2OLs4Mqs,"1uNFoZAHBGtllmzznpCI3s,0hCNtLu0JehylgoiP8L4Gh,4n1QLJXpJyIV42uMORty2W","Beauty And A Beat - Bisbetic Radio Mix","Beauty And A Beat (Remixes)","Justin Bieber,Nicki Minaj,Bisbetic",2012-01-01,207480,32,spotify:user:12132863200,2023-11-04T03:15:40Z,"canadian pop,pop,hip pop,queens hip hop,rap",0.47,0.784,0,-6.259,1,0.078,0.123,0.00007,0.0846,0.266,128.327,4
2vk5IGxrHvw0BXPuN0T2c5,"1uNFoZAHBGtllmzznpCI3s,4n1QLJXpJyIV42uMORty2W","Beauty And A Beat - Bisbetic Instrumental","Beauty And A Beat (Remixes)","Justin Bieber,Bisbetic",2012-01-01,370866,16,spotify:user:12132863200,2023-11-04T03:15:40Z,"canadian pop,pop",0.717,0.761,9,-7.523,0,0.072,0.00278,0.911,0.389,0.177,127.986,4
0SmMIMHL424iv7sRv9M5bX,"1uNFoZAHBGtllmzznpCI3s,0hCNtLu0JehylgoiP8L4Gh","Beauty And A Beat - Steven Redant Beauty and The Club Mix","Beauty And A Beat (Remixes)","Justin Bieber,Nicki Minaj",2012-01-01,442733,21,spotify:user:12132863200,2023-11-04T03:15:40Z,"canadian pop,pop,hip pop,queens hip hop,rap",0.635,0.921,0,-5.628,1,0.0436,0.00167,0.236,0.306,0.566,127.976,4
7LpBF20pPATsTGx8qA6b0S,"1uNFoZAHBGtllmzznpCI3s","Beauty And A Beat - Steven Redant Beauty and The Dub Mix","Beauty And A Beat (Remixes)","Justin Bieber",2012-01-01,442786,15,spotify:user:12132863200,2023-11-04T03:15:40Z,"canadian pop,pop",0.664,0.959,0,-5.321,1,0.0744,0.000745,0.728,0.123,0.426,127.998,4
7JpAsKIJpJgWqISiIpDdCB,"1uNFoZAHBGtllmzznpCI3s,0hCNtLu0JehylgoiP8L4Gh","Beauty And A Beat - Steven Redant Beauty and The Vocal Dub Mix","Beauty And A Beat (Remixes)","Justin Bieber,Nicki Minaj",2012-01-01,442786,16,spotify:user:12132863200,2023-11-04T03:15:40Z,"canadian pop,pop,hip pop,queens hip hop,rap",0.669,0.945,0,-5.223,1,0.0813,0.00164,0.28,0.158,0.413,127.995,4
3hl3vsqA0bFvmMM8Xlhaig,"1uNFoZAHBGtllmzznpCI3s,0hCNtLu0JehylgoiP8L4Gh","Beauty And A Beat - DJ Laszlo Body Rock Club Mix","Beauty And A Beat (Remixes)","Justin Bieber,Nicki Minaj",2012-01-01,450786,16,spotify:user:12132863200,2023-11-04T03:15:40Z,"canadian pop,pop,hip pop,queens hip hop,rap",0.624,0.88,9,-5.249,0,0.0684,0.00457,0.0453,0.674,0.73,127.993,4
3OT4uFnF4fiDTTTHpHoQvU,"1uNFoZAHBGtllmzznpCI3s,0hCNtLu0JehylgoiP8L4Gh","Beauty And A Beat - DJ Laszlo Body Rock Radio Mix","Beauty And A Beat (Remixes)","Justin Bieber,Nicki Minaj",2012-01-01,239920,26,spotify:user:12132863200,2023-11-04T03:15:40Z,"canadian pop,pop,hip pop,queens hip hop,rap",0.581,0.94,9,-4.761,0,0.0838,0.0202,0.000395,0.329,0.592,127.998,4
0CekEfkSD8hZUBTnY4XeAE,"1uNFoZAHBGtllmzznpCI3s","Beauty And A Beat - DJ Laszlo Body Rock Instrumental","Beauty And A Beat (Remixes)","Justin Bieber",2012-01-01,451013,15,spotify:user:12132863200,2023-11-04T03:15:40Z,"canadian pop,pop",0.598,0.891,7,-6.148,1,0.0688,0.00126,0.894,0.649,0.689,127.995,4
6WgrB8d7GLBGweYLDI6ObR,"1uNFoZAHBGtllmzznpCI3s,3ipn9JLAPI5GUEo4y4jcoi","All Around The World","Believe","Justin Bieber,Ludacris",2012-01-01,244546,55,spotify:user:12132863200,2023-11-04T03:15:41Z,"canadian pop,pop,atl hip hop,dance pop,dirty south rap,hip hop,old school atlanta hip hop,pop rap,rap,southern hip hop,trap",0.689,0.816,3,-3.951,0,0.178,0.019,0.00000242,0.181,0.775,127.958,4
3UGIZ8qcrMTwzLbx6Kttqt,"1uNFoZAHBGtllmzznpCI3s","Boyfriend","Believe","Justin Bieber",2012-01-01,171333,78,spotify:user:12132863200,2023-11-04T03:15:41Z,"canadian pop,pop",0.717,0.55,10,-6.019,0,0.0521,0.0358,0.00196,0.126,0.332,96.976,4
75lo8VozcCLRG9WGG674iD,"1uNFoZAHBGtllmzznpCI3s,0c173mlxpT3dSFRgMO8XPh","As Long As You Love Me","Believe","Justin Bieber,Big Sean",2012-01-01,229466,68,spotify:user:12132863200,2023-11-04T03:15:41Z,"canadian pop,pop,detroit hip hop,hip hop,pop rap,r&b,rap,trap",0.571,0.873,0,-3.382,0,0.0997,0.0807,0,0.361,0.613,139.691,4
6zvLqjSWq0AQsgoiqWInwY,"1uNFoZAHBGtllmzznpCI3s","Catching Feelings","Believe","Justin Bieber",2012-01-01,234680,47,spotify:user:12132863200,2023-11-04T03:15:41Z,"canadian pop,pop",0.327,0.542,10,-6.665,1,0.0412,0.354,0,0.35,0.357,85.59,4
4PXOSe2WbmFhmJDiqrDw6W,"1uNFoZAHBGtllmzznpCI3s","Take You","Believe","Justin Bieber",2012-01-01,220893,48,spotify:user:12132863200,2023-11-04T03:15:41Z,"canadian pop,pop",0.663,0.706,6,-6.648,1,0.0348,0.00107,0.00248,0.232,0.461,126.04,4
2Rmuzh89p29BeTIF63Opwo,"1uNFoZAHBGtllmzznpCI3s,3TVXtAsR1Inumwj472S9r4","Right Here","Believe","Justin Bieber,Drake",2012-01-01,204186,59,spotify:user:12132863200,2023-11-04T03:15:41Z,"canadian pop,pop,canadian hip hop,hip hop,pop rap,rap",0.639,0.57,1,-4.966,1,0.042,0.0233,0,0.329,0.728,92.073,4
5dQZbRbOMahlP55xeL0mNW,"1uNFoZAHBGtllmzznpCI3s","Fall","Believe","Justin Bieber",2012-01-01,248386,55,spotify:user:12132863200,2023-11-04T03:15:41Z,"canadian pop,pop",0.607,0.754,11,-4.321,1,0.0411,0.259,0,0.111,0.607,82.995,4
2eHs8Swb16qSKatrLKnWKP,"1uNFoZAHBGtllmzznpCI3s","Die In Your Arms","Believe","Justin Bieber",2012-01-01,237293,53,spotify:user:12132863200,2023-11-04T03:15:41Z,"canadian pop,pop",0.568,0.878,7,-5.094,1,0.0933,0.0309,0.00000426,0.213,0.725,171.723,4
5xIwgIwX70gP1hJ2QLu63W,"1uNFoZAHBGtllmzznpCI3s","Thought Of You","Believe","Justin Bieber",2012-01-01,230106,48,spotify:user:12132863200,2023-11-04T03:15:41Z,"canadian pop,pop",0.697,0.705,2,-5.032,1,0.031,0.0094,0.00000661,0.105,0.57,123.223,4
6QFCMUUq1T2Vf5sFUXcuQ7,"1uNFoZAHBGtllmzznpCI3s,0hCNtLu0JehylgoiP8L4Gh","Beauty And A Beat","Believe","Justin Bieber,Nicki Minaj",2012-01-01,227986,82,spotify:user:12132863200,2023-11-04T03:15:41Z,"canadian pop,pop,hip pop,queens hip hop,rap",0.601,0.843,0,-4.87,1,0.0593,0.000704,0.0000527,0.0681,0.534,128.002,4
3vpXclZrJxC8Zlj7N7OyfN,"1uNFoZAHBGtllmzznpCI3s","One Love","Believe","Justin Bieber",2012-01-01,234493,51,spotify:user:12132863200,2023-11-04T03:15:41Z,"canadian pop,pop",0.688,0.612,11,-7.558,1,0.0324,0.00276,0,0.0942,0.228,127.916,4
4DmJUNY2LJhbl4ClUpa38T,"1uNFoZAHBGtllmzznpCI3s","Be Alright","Believe","Justin Bieber",2012-01-01,189653,54,spotify:user:12132863200,2023-11-04T03:15:41Z,"canadian pop,pop",0.803,0.356,5,-9.026,0,0.0326,0.587,0,0.16,0.738,106.952,4
6ImYcmDP7WamwVBbZeHUTy,"1uNFoZAHBGtllmzznpCI3s","Believe","Believe","Justin Bieber",2012-01-01,222213,50,spotify:user:12132863200,2023-11-04T03:15:41Z,"canadian pop,pop",0.519,0.854,0,-5.71,1,0.113,0.143,0,0.171,0.508,159.805,4
1pN9xIJIc8ldDe7LYn7L45,"1uNFoZAHBGtllmzznpCI3s,00sAT5YX8W3xNd1EuqyHw9","Boyfriend - Dada Life Remix","Boyfriend (Dada Life Remix)","Justin Bieber,Dada Life",2012-01-01,332253,22,spotify:user:12132863200,2023-11-04T03:15:42Z,"canadian pop,pop,big room,dutch house,edm,electro house,pop dance,progressive electro house,progressive house",0.692,0.88,10,-6.197,0,0.073,0.00242,0.00496,0.178,0.117,128.011,4
2nTJJrDp2R8fLQXsO8Gnl8,"1uNFoZAHBGtllmzznpCI3s,4vgjQjCW4yF0dQdfmx2uEs","Boyfriend - Oliver Twizt Radio","Boyfriend (Remixes)","Justin Bieber,Oliver Twizt",2012-01-01,224146,21,spotify:user:12132863200,2023-11-04T03:15:43Z,"canadian pop,pop",0.646,0.957,5,-4.688,0,0.167,0.0169,0.000101,0.357,0.554,110.001,4
2swKe6fgfCnfg5Jz7zCcOi,"1uNFoZAHBGtllmzznpCI3s,4vgjQjCW4yF0dQdfmx2uEs","Boyfriend - Oliver Twizt Club","Boyfriend (Remixes)","Justin Bieber,Oliver Twizt",2012-01-01,267586,16,spotify:user:12132863200,2023-11-04T03:15:43Z,"canadian pop,pop",0.704,0.946,6,-5.172,1,0.134,0.00906,0.00623,0.524,0.516,109.982,4
1fM1CYLCTM25deUoVddi9f,"1uNFoZAHBGtllmzznpCI3s,4vgjQjCW4yF0dQdfmx2uEs","Boyfriend - Oliver Twizt Instrumental","Boyfriend (Remixes)","Justin Bieber,Oliver Twizt",2012-01-01,267586,13,spotify:user:12132863200,2023-11-04T03:15:43Z,"canadian pop,pop",0.692,0.935,11,-5.874,1,0.0905,0.00434,0.422,0.474,0.66,109.994,4
55izpTve0grA4yIGg2UKrn,"1uNFoZAHBGtllmzznpCI3s,07AcNmdTE9b7rB1BzoKrrg,3k8vhKepBT8rNmDEJTGMTm,6pimvlRYF83lk0jJzw7ssw","Boyfriend - Vice Radio","Boyfriend (Remixes)","Justin Bieber,Vice,Kemal Golden,SGT. Slick",2012-01-01,188000,14,spotify:user:12132863200,2023-11-04T03:15:43Z,"canadian pop,pop,australian dance",0.642,0.677,7,-5.732,1,0.0368,0.0928,0.2,0.0529,0.272,128.005,4
1F4cyTMGjzUM0wYjhDlTlR,"1uNFoZAHBGtllmzznpCI3s,07AcNmdTE9b7rB1BzoKrrg,3k8vhKepBT8rNmDEJTGMTm,6pimvlRYF83lk0jJzw7ssw","Boyfriend - Vice Instrumental","Boyfriend (Remixes)","Justin Bieber,Vice,Kemal Golden,SGT. Slick",2012-01-01,286240,13,spotify:user:12132863200,2023-11-04T03:15:43Z,"canadian pop,pop,australian dance",0.674,0.604,7,-6.156,1,0.0303,0.00302,0.888,0.0585,0.241,128.004,4
3EACG6JvUY87blUXJhKDau,"1uNFoZAHBGtllmzznpCI3s,5j6B83sL5jxlRXDcGKnJZo","Boyfriend - Joe Gauthreaux & Peter Barona Full Vocal Club Mix","Boyfriend (Remixes)","Justin Bieber,Joe Gauthreaux",2012-01-01,418080,14,spotify:user:12132863200,2023-11-04T03:15:43Z,"canadian pop,pop,circuit",0.738,0.807,0,-7.173,1,0.0525,0.000507,0.231,0.0417,0.444,125.998,4
3akHgASsI87NQhk2yJWpqP,"1uNFoZAHBGtllmzznpCI3s,5j6B83sL5jxlRXDcGKnJZo","Boyfriend - Joe Gauthreaux & Peter Barona Club Mix","Boyfriend (Remixes)","Justin Bieber,Joe Gauthreaux",2012-01-01,402786,14,spotify:user:12132863200,2023-11-04T03:15:43Z,"canadian pop,pop,circuit",0.72,0.782,10,-6.975,0,0.0535,0.000326,0.317,0.0429,0.526,125.993,4
4A1LuZh73YEX3yzDlo9jLQ,"1uNFoZAHBGtllmzznpCI3s,5j6B83sL5jxlRXDcGKnJZo","Boyfriend - Joe Gauthreaux Dark Dub","Boyfriend (Remixes)","Justin Bieber,Joe Gauthreaux",2012-01-01,466400,13,spotify:user:12132863200,2023-11-04T03:15:43Z,"canadian pop,pop,circuit",0.761,0.84,8,-6.722,0,0.0537,0.000136,0.513,0.0912,0.53,126.001,4
4xDbvfk975nr05ctWgS8Nq,"1uNFoZAHBGtllmzznpCI3s","Turn To You - (Mother's Day Dedication)","Turn To You (Mother's Day Dedication)","Justin Bieber",2012-01-01,219973,39,spotify:user:12132863200,2023-11-04T03:15:45Z,"canadian pop,pop",0.539,0.715,4,-6.565,0,0.0319,0.244,0,0.0861,0.279,107.973,4
1Mg8vLBYwizu7AuhYQO64V,"1uNFoZAHBGtllmzznpCI3s,3ipn9JLAPI5GUEo4y4jcoi","All Around The World","Believe (Deluxe Edition)","Justin Bieber,Ludacris",2012-06-15,244546,59,spotify:user:12132863200,2023-11-04T03:15:48Z,"canadian pop,pop,atl hip hop,dance pop,dirty south rap,hip hop,old school atlanta hip hop,pop rap,rap,southern hip hop,trap",0.689,0.816,3,-3.951,0,0.178,0.0188,0.00000242,0.181,0.776,127.972,4
2L7rZWg9RLxIwnysmxm4xk,"1uNFoZAHBGtllmzznpCI3s","Boyfriend","Believe (Deluxe Edition)","Justin Bieber",2012-06-15,171333,65,spotify:user:12132863200,2023-11-04T03:15:48Z,"canadian pop,pop",0.717,0.55,10,-6.019,0,0.0519,0.0358,0.00198,0.126,0.331,96.979,4
0pwYLVXVknPSGUQb39cePC,"1uNFoZAHBGtllmzznpCI3s,0c173mlxpT3dSFRgMO8XPh","As Long As You Love Me","Believe (Deluxe Edition)","Justin Bieber,Big Sean",2012-06-15,229466,70,spotify:user:12132863200,2023-11-04T03:15:48Z,"canadian pop,pop,detroit hip hop,hip hop,pop rap,r&b,rap,trap",0.571,0.873,0,-3.382,0,0.1,0.0811,0,0.361,0.613,139.691,4
5uDuOnjJ0MrfJxvEHPpJap,"1uNFoZAHBGtllmzznpCI3s","Catching Feelings","Believe (Deluxe Edition)","Justin Bieber",2012-06-15,234680,50,spotify:user:12132863200,2023-11-04T03:15:48Z,"canadian pop,pop",0.324,0.541,3,-6.665,1,0.0415,0.353,0,0.35,0.364,85.036,4
41bV7zvmTbAPinmY1pG4xN,"1uNFoZAHBGtllmzznpCI3s","Take You","Believe (Deluxe Edition)","Justin Bieber",2012-06-15,220893,51,spotify:user:12132863200,2023-11-04T03:15:48Z,"canadian pop,pop",0.663,0.705,6,-6.648,1,0.0349,0.00105,0.00237,0.232,0.459,126.043,4
7vjtAU3Ns1AT4dRa0voHBJ,"1uNFoZAHBGtllmzznpCI3s,3TVXtAsR1Inumwj472S9r4","Right Here","Believe (Deluxe Edition)","Justin Bieber,Drake",2012-06-15,204186,56,spotify:user:12132863200,2023-11-04T03:15:48Z,"canadian pop,pop,canadian hip hop,hip hop,pop rap,rap",0.642,0.57,1,-4.966,1,0.0421,0.0235,0,0.329,0.731,92.042,4
7zMMgJ8cSCg4iPuoxWtTyL,"1uNFoZAHBGtllmzznpCI3s","Fall","Believe (Deluxe Edition)","Justin Bieber",2012-06-15,248386,53,spotify:user:12132863200,2023-11-04T03:15:48Z,"canadian pop,pop",0.607,0.754,11,-4.321,1,0.0412,0.259,0,0.111,0.606,82.995,4
23taOWrpWaAtU8rVN7hiNu,"1uNFoZAHBGtllmzznpCI3s","Die In Your Arms","Believe (Deluxe Edition)","Justin Bieber",2012-06-15,237293,53,spotify:user:12132863200,2023-11-04T03:15:48Z,"canadian pop,pop",0.568,0.877,7,-5.094,1,0.0924,0.0309,0.0000044,0.213,0.738,171.723,4
2iyW0eOEQ764Dz2sn8ImN9,"1uNFoZAHBGtllmzznpCI3s","Thought Of You","Believe (Deluxe Edition)","Justin Bieber",2012-06-15,230106,48,spotify:user:12132863200,2023-11-04T03:15:48Z,"canadian pop,pop",0.697,0.705,2,-5.032,1,0.031,0.0094,0.00000709,0.105,0.57,123.217,4
190jyVPHYjAqEaOGmMzdyk,"1uNFoZAHBGtllmzznpCI3s,0hCNtLu0JehylgoiP8L4Gh","Beauty And A Beat","Believe (Deluxe Edition)","Justin Bieber,Nicki Minaj",2012-06-15,227986,82,spotify:user:12132863200,2023-11-04T03:15:48Z,"canadian pop,pop,hip pop,queens hip hop,rap",0.602,0.843,0,-4.831,1,0.0593,0.000688,0.0000527,0.0682,0.526,128.003,4
2neyhqdDpRH7LV08C39TFJ,"1uNFoZAHBGtllmzznpCI3s","One Love","Believe (Deluxe Edition)","Justin Bieber",2012-06-15,234493,50,spotify:user:12132863200,2023-11-04T03:15:48Z,"canadian pop,pop",0.689,0.611,11,-7.56,1,0.032,0.00267,0,0.0942,0.228,127.914,4
0nxvFG50rGXkiGQqOO2MHr,"1uNFoZAHBGtllmzznpCI3s","Be Alright","Believe (Deluxe Edition)","Justin Bieber",2012-06-15,189653,56,spotify:user:12132863200,2023-11-04T03:15:48Z,"canadian pop,pop",0.803,0.356,5,-9.026,0,0.0326,0.589,0,0.16,0.739,106.95,4
1AruWZmSy4RerslWBkH8OY,"1uNFoZAHBGtllmzznpCI3s","Believe","Believe (Deluxe Edition)","Justin Bieber",2012-06-15,222560,48,spotify:user:12132863200,2023-11-04T03:15:48Z,"canadian pop,pop",0.518,0.854,0,-5.71,1,0.113,0.141,0,0.171,0.507,159.807,4
0b1L4GuHRY7jLzcMdek3fP,"1uNFoZAHBGtllmzznpCI3s","Out Of Town Girl","Believe (Deluxe Edition)","Justin Bieber",2012-06-15,213560,49,spotify:user:12132863200,2023-11-04T03:15:48Z,"canadian pop,pop",0.594,0.879,9,-5.586,0,0.0715,0.126,0.00000632,0.151,0.799,80.994,4
2Z3y6552thvY2jKNHHMtXj,"1uNFoZAHBGtllmzznpCI3s","She Don't Like The Lights","Believe (Deluxe Edition)","Justin Bieber",2012-06-15,239866,49,spotify:user:12132863200,2023-11-04T03:15:48Z,"canadian pop,pop",0.573,0.896,4,-4.6,0,0.102,0.00574,0.00213,0.317,0.452,123.944,4
7E1dQbOk1qcx9gEPUMBKsk,"1uNFoZAHBGtllmzznpCI3s","Maria","Believe (Deluxe Edition)","Justin Bieber",2012-06-15,248293,72,spotify:user:12132863200,2023-11-04T03:15:48Z,"canadian pop,pop",0.825,0.687,6,-6.794,0,0.0414,0.00997,0.0000132,0.19,0.294,111.002,4
55DEnUKIReTBcrjAmAa9Tw,"1uNFoZAHBGtllmzznpCI3s,0xOeVMOz2fVg5BJY3N6akT","Fairytale","Believe (Deluxe Edition)","Justin Bieber,Jaden",2012-06-15,193186,46,spotify:user:12132863200,2023-11-04T03:15:48Z,"canadian pop,pop,pop rap,rap",0.547,0.805,10,-9.294,0,0.0754,0.0271,0.601,0.11,0.814,171.952,4
3b5x40hyui8iwPUlmljPb0,"1uNFoZAHBGtllmzznpCI3s,2ohlvFf9PBsDELdRstPtlP","As Long As You Love Me - Ferry Corsten Remix","As Long As You Love Me (Remixes)","Justin Bieber,Ferry Corsten",2012-09-07,344720,23,spotify:user:12132863200,2023-11-04T03:15:49Z,"canadian pop,pop,dutch trance,edm,progressive house,progressive trance,trance,uplifting trance",0.562,0.8,8,-5.657,1,0.0611,0.0000155,0.00291,0.21,0.18,130.012,4
1oYy8N3vyLNF7HbJ5JYKv8,"1uNFoZAHBGtllmzznpCI3s,2ohlvFf9PBsDELdRstPtlP","As Long As You Love Me - Ferry Corsten Club Dub","As Long As You Love Me (Remixes)","Justin Bieber,Ferry Corsten",2012-09-07,300733,16,spotify:user:12132863200,2023-11-04T03:15:49Z,"canadian pop,pop,dutch trance,edm,progressive house,progressive trance,trance,uplifting trance",0.614,0.77,10,-7.669,0,0.0457,0.0000147,0.866,0.0802,0.477,130.009,4
6gGEtZGbptYjgy3mt7NHQf,"1uNFoZAHBGtllmzznpCI3s,2ohlvFf9PBsDELdRstPtlP","As Long As You Love Me - Ferry Corsten Radio","As Long As You Love Me (Remixes)","Justin Bieber,Ferry Corsten",2012-09-07,211946,25,spotify:user:12132863200,2023-11-04T03:15:49Z,"canadian pop,pop,dutch trance,edm,progressive house,progressive trance,trance,uplifting trance",0.422,0.698,8,-5.437,1,0.0686,0.0000354,0.0000013,0.849,0.266,129.871,4
1bxO7nr48inYnVokxryipG,"1uNFoZAHBGtllmzznpCI3s,10w6u2Dl8HxCul10w4tQsX","As Long As You Love Me - Audiobot Remix","As Long As You Love Me (Remixes)","Justin Bieber,Audiobot",2012-09-07,306960,19,spotify:user:12132863200,2023-11-04T03:15:49Z,"canadian pop,pop",0.547,0.691,0,-6.071,0,0.0311,0.0253,0.0628,0.217,0.217,139.966,4
1kklRdUKH7WRmDwuu10ism,"1uNFoZAHBGtllmzznpCI3s,10w6u2Dl8HxCul10w4tQsX","As Long As You Love Me - Audiobot Edit","As Long As You Love Me (Remixes)","Justin Bieber,Audiobot",2012-09-07,238106,17,spotify:user:12132863200,2023-11-04T03:15:49Z,"canadian pop,pop",0.567,0.722,0,-5.407,0,0.0357,0.0126,0.0197,0.337,0.386,139.9,4
4UedDBTszJYPM05UPpIotH,"1uNFoZAHBGtllmzznpCI3s,10w6u2Dl8HxCul10w4tQsX","As Long As You Love Me - Audiobot Instrumental","As Long As You Love Me (Remixes)","Justin Bieber,Audiobot",2012-09-07,307053,17,spotify:user:12132863200,2023-11-04T03:15:49Z,"canadian pop,pop",0.552,0.68,0,-6.488,0,0.0323,0.0312,0.255,0.227,0.187,140.038,4
2DWNYXEgBC12080Tqq5X1L,"1uNFoZAHBGtllmzznpCI3s,7uRuGaJjwDhGb3TY5njR69","As Long As You Love Me - PAULO & JACKINSKY Club Mix","As Long As You Love Me (Remixes)","Justin Bieber,PAULO & JACKINSKY",2012-09-07,463013,19,spotify:user:12132863200,2023-11-04T03:15:49Z,"canadian pop,pop",0.774,0.749,0,-6.331,1,0.0651,0.00282,0.32,0.082,0.267,129.995,4
5ezf9XdUmCvrlWyZ9SQJTZ,"1uNFoZAHBGtllmzznpCI3s,7uRuGaJjwDhGb3TY5njR69","As Long As You Love Me - PAULO & JACKINSKY Dub","As Long As You Love Me (Remixes)","Justin Bieber,PAULO & JACKINSKY",2012-09-07,448186,16,spotify:user:12132863200,2023-11-04T03:15:49Z,"canadian pop,pop",0.788,0.792,0,-6.46,1,0.0603,0.00141,0.491,0.039,0.157,130.004,4
2a4DVA7vXd6ZNToaYMZR2j,"1uNFoZAHBGtllmzznpCI3s,7uRuGaJjwDhGb3TY5njR69","As Long As You Love Me - PAULO & JACKINSKY Radio","As Long As You Love Me (Remixes)","Justin Bieber,PAULO & JACKINSKY",2012-09-07,237853,18,spotify:user:12132863200,2023-11-04T03:15:49Z,"canadian pop,pop",0.734,0.846,0,-5.578,1,0.0575,0.00626,0.02,0.0756,0.349,130.013,4
5dvqxxOZLvwC1WWSLPnrUk,"1uNFoZAHBGtllmzznpCI3s,0c173mlxpT3dSFRgMO8XPh,4xnMDfgEmXZEEDdITKcGuE","As Long As You Love Me - Audien Dubstep Mix","As Long As You Love Me (Remixes)","Justin Bieber,Big Sean,Audien",2012-09-07,280026,20,spotify:user:12132863200,2023-11-04T03:15:49Z,"canadian pop,pop,detroit hip hop,hip hop,pop rap,r&b,rap,trap,edm,electro house,pop dance,pop edm,progressive electro house,progressive house",0.573,0.884,0,-7.109,0,0.114,0.067,0.00000297,0.196,0.572,140.016,4
1LhfwVVVErgDFtb0VOOrbe,"1uNFoZAHBGtllmzznpCI3s,0c173mlxpT3dSFRgMO8XPh,4xnMDfgEmXZEEDdITKcGuE","As Long As You Love Me - Audien Dubstep Edit","As Long As You Love Me (Remixes)","Justin Bieber,Big Sean,Audien",2012-09-07,245720,20,spotify:user:12132863200,2023-11-04T03:15:49Z,"canadian pop,pop,detroit hip hop,hip hop,pop rap,r&b,rap,trap,edm,electro house,pop dance,pop edm,progressive electro house,progressive house",0.566,0.89,0,-7.021,0,0.102,0.0953,0,0.207,0.585,139.995,4
0OOZ5Dn4q1SMtZcFPdNilD,"1uNFoZAHBGtllmzznpCI3s,0c173mlxpT3dSFRgMO8XPh,4xnMDfgEmXZEEDdITKcGuE","As Long As You Love Me - Audien Luvstep Mix","As Long As You Love Me (Remixes)","Justin Bieber,Big Sean,Audien",2012-09-07,280933,17,spotify:user:12132863200,2023-11-04T03:15:49Z,"canadian pop,pop,detroit hip hop,hip hop,pop rap,r&b,rap,trap,edm,electro house,pop dance,pop edm,progressive electro house,progressive house",0.581,0.875,0,-7.32,0,0.117,0.0853,0,0.113,0.553,139.993,4
16YdPF3ZGFIfouwajAhv6C,"1uNFoZAHBGtllmzznpCI3s","Boyfriend - Acoustic Version","Believe Acoustic","Justin Bieber",2013-01-01,187680,38,spotify:user:12132863200,2023-11-04T03:15:53Z,"canadian pop,pop",0.752,0.292,9,-8.966,0,0.0924,0.842,0,0.1,0.62,89.832,4
49rJsV4jSGjCLoks1fvzhP,"1uNFoZAHBGtllmzznpCI3s","As Long As You Love Me - Acoustic Version","Believe Acoustic","Justin Bieber",2013-01-01,221693,38,spotify:user:12132863200,2023-11-04T03:15:53Z,"canadian pop,pop",0.554,0.307,11,-9.171,0,0.0351,0.776,0,0.0858,0.428,135.65,4
7IqYmGrvToIyLEkrsirThj,"1uNFoZAHBGtllmzznpCI3s","Beauty And A Beat","Believe Acoustic","Justin Bieber",2013-01-01,144693,35,spotify:user:12132863200,2023-11-04T03:15:53Z,"canadian pop,pop",0.69,0.302,10,-8.441,1,0.0326,0.734,0,0.13,0.699,127.633,4
379MRJIfTs6DtjUXL6kjh4,"1uNFoZAHBGtllmzznpCI3s","She Don't Like The Lights - Acoustic Version","Believe Acoustic","Justin Bieber",2013-01-01,215813,33,spotify:user:12132863200,2023-11-04T03:15:53Z,"canadian pop,pop",0.612,0.428,8,-8.52,0,0.0292,0.75,0,0.0921,0.685,123.822,4
4y4ePsUXKmj4xlf6OdOiyP,"1uNFoZAHBGtllmzznpCI3s","Take You - Acoustic Version","Believe Acoustic","Justin Bieber",2013-01-01,179373,33,spotify:user:12132863200,2023-11-04T03:15:53Z,"canadian pop,pop",0.57,0.341,6,-9.844,1,0.0345,0.788,0,0.17,0.715,125.465,4
3rk6Y9d231vNtn0ISUrZ4R,"1uNFoZAHBGtllmzznpCI3s","Be Alright - Acoustic Version","Believe Acoustic","Justin Bieber",2013-01-01,210346,34,spotify:user:12132863200,2023-11-04T03:15:53Z,"canadian pop,pop",0.315,0.253,9,-10.955,1,0.0347,0.916,0,0.208,0.457,181.203,5
02LcooLYmFR08YONvRe4qD,"1uNFoZAHBGtllmzznpCI3s","All Around The World - Acoustic Version","Believe Acoustic","Justin Bieber",2013-01-01,156173,31,spotify:user:12132863200,2023-11-04T03:15:53Z,"canadian pop,pop",0.591,0.345,2,-8.686,0,0.0435,0.621,0,0.214,0.715,119.535,4
3OXesBdYcfKqUUgCzNH5Lg,"1uNFoZAHBGtllmzznpCI3s","Fall - Live","Believe Acoustic","Justin Bieber",2013-01-01,220973,33,spotify:user:12132863200,2023-11-04T03:15:53Z,"canadian pop,pop",0.4,0.366,8,-6.821,1,0.0398,0.828,0,0.111,0.625,77.317,4
1b2RMdsbWK80VT7HJ58Ncl,"1uNFoZAHBGtllmzznpCI3s","Yellow Raincoat","Believe Acoustic","Justin Bieber",2013-01-01,224106,33,spotify:user:12132863200,2023-11-04T03:15:53Z,"canadian pop,pop",0.783,0.375,10,-9.59,0,0.0328,0.708,0.121,0.0933,0.742,109.953,4
3wzzFhEfIVfnAg6w7IhDaR,"1uNFoZAHBGtllmzznpCI3s","I Would","Believe Acoustic","Justin Bieber",2013-01-01,227360,37,spotify:user:12132863200,2023-11-04T03:15:53Z,"canadian pop,pop",0.707,0.647,9,-7.173,1,0.0881,0.456,0,0.204,0.578,87.999,4
1MK9VSvdx48aGDAfL0y2Qq,"1uNFoZAHBGtllmzznpCI3s","Nothing Like Us","Believe Acoustic","Justin Bieber",2013-01-01,199800,40,spotify:user:12132863200,2023-11-04T03:15:53Z,"canadian pop,pop",0.529,0.155,0,-14.378,1,0.0428,0.987,0.0000602,0.18,0.511,72.024,4
1AcJJerSHcXCnevx9oSoWe,"5LHRHt1k9lMyONurDHEdrp,1uNFoZAHBGtllmzznpCI3s","Wait For A Minute","Wait For A Minute","Tyga,Justin Bieber",2013-01-01,207013,53,spotify:user:12132863200,2023-11-04T03:15:54Z,"hip hop,pop rap,rap,trap,canadian pop,pop",0.593,0.34,4,-10.516,0,0.138,0.0895,0.00000265,0.113,0.423,99.905,4
2GCKWEsbb0Xo1oodTOKVi1,"1uNFoZAHBGtllmzznpCI3s","Heartbreaker","Journals","Justin Bieber",2014-05-13,262840,63,spotify:user:12132863200,2023-11-04T03:15:55Z,"canadian pop,pop",0.568,0.517,6,-7.316,0,0.0894,0.146,0,0.343,0.578,104.443,4
6CLVh9sekZ1p2G8Tfhhj8h,"1uNFoZAHBGtllmzznpCI3s","All That Matters","Journals","Justin Bieber",2014-05-13,191173,70,spotify:user:12132863200,2023-11-04T03:15:55Z,"canadian pop,pop",0.698,0.509,1,-5.798,1,0.0503,0.00535,0,0.0703,0.143,129.865,4
71g1UlX2OtS9axwBIBa5Zm,"1uNFoZAHBGtllmzznpCI3s","Hold Tight","Journals","Justin Bieber",2014-05-13,254213,56,spotify:user:12132863200,2023-11-04T03:15:55Z,"canadian pop,pop",0.565,0.612,10,-5.795,0,0.169,0.28,0,0.105,0.487,117.697,4
6pFqCPdvm6C9IHbJrEu8aG,"1uNFoZAHBGtllmzznpCI3s","Recovery","Journals","Justin Bieber",2014-05-13,182373,54,spotify:user:12132863200,2023-11-04T03:15:55Z,"canadian pop,pop",0.669,0.527,6,-5.048,0,0.0812,0.014,0,0.338,0.238,130.271,4
4VAngYbLewVFpcLR9FpYfR,"1uNFoZAHBGtllmzznpCI3s","Bad Day","Journals","Justin Bieber",2014-05-13,145680,54,spotify:user:12132863200,2023-11-04T03:15:55Z,"canadian pop,pop",0.676,0.509,11,-6.838,0,0.0423,0.0221,0,0.221,0.313,81.981,4
3JNEXPTnSxqlxNqhTW61D2,"1uNFoZAHBGtllmzznpCI3s","All Bad","Journals","Justin Bieber",2014-05-13,182746,51,spotify:user:12132863200,2023-11-04T03:15:55Z,"canadian pop,pop",0.696,0.419,9,-8.198,1,0.0256,0.018,0.000818,0.211,0.353,96.482,4
2GxCTEXhba060skpicYxTk,"1uNFoZAHBGtllmzznpCI3s,2mxe0TnaNL039ysAj51xPQ","PYD","Journals","Justin Bieber,R. Kelly",2014-05-13,317200,49,spotify:user:12132863200,2023-11-04T03:15:55Z,"canadian pop,pop",0.465,0.494,4,-6.813,0,0.0364,0.837,0,0.434,0.456,123.24,4
18ws4dUbhpoGB7Uv7U89yp,"1uNFoZAHBGtllmzznpCI3s","Roller Coaster","Journals","Justin Bieber",2014-05-13,201613,53,spotify:user:12132863200,2023-11-04T03:15:55Z,"canadian pop,pop",0.705,0.865,5,-4.076,0,0.0712,0.0136,0,0.179,0.585,97.969,4
5cn4RhNZPPjt0onhqUMEfa,"1uNFoZAHBGtllmzznpCI3s","Change Me","Journals","Justin Bieber",2014-05-13,167320,50,spotify:user:12132863200,2023-11-04T03:15:55Z,"canadian pop,pop",0.407,0.34,6,-9.018,0,0.0492,0.594,0,0.188,0.0775,129.505,3
3JsydWaf2Ev4ehaLUjj3SY,"1uNFoZAHBGtllmzznpCI3s,1anyVhU62p31KFi8MEzkbf","Confident","Journals","Justin Bieber,Chance the Rapper",2014-05-13,248133,79,spotify:user:12132863200,2023-11-04T03:15:55Z,"canadian pop,pop,chicago rap,conscious hip hop,hip hop,pop rap,rap",0.741,0.565,5,-5.448,0,0.108,0.114,0,0.205,0.892,134.122,4
3MptiayBkOJblyC8geSXPE,"1uNFoZAHBGtllmzznpCI3s","One Life","Journals","Justin Bieber",2014-05-13,242813,54,spotify:user:12132863200,2023-11-04T03:15:55Z,"canadian pop,pop",0.436,0.556,1,-6.54,1,0.114,0.292,0,0.111,0.423,114.896,3
0jX97Hk6L8ImeVdTTWXZ2D,"1uNFoZAHBGtllmzznpCI3s,55Aa2cqylxrFIXC767Z865","Backpack","Journals","Justin Bieber,Lil Wayne",2014-05-13,251480,50,spotify:user:12132863200,2023-11-04T03:15:55Z,"canadian pop,pop,hip hop,new orleans rap,pop rap,rap,trap",0.552,0.771,4,-6.233,0,0.129,0.154,0,0.19,0.46,72.566,4
1p5M91qghUkzS4gwuMM22B,"1uNFoZAHBGtllmzznpCI3s,1RyvyyTE3xzB2ZywiAwp0i","What's Hatnin'","Journals","Justin Bieber,Future",2014-05-13,208533,49,spotify:user:12132863200,2023-11-04T03:15:55Z,"canadian pop,pop,atl hip hop,hip hop,rap,southern hip hop,trap",0.556,0.764,6,-3.979,0,0.0818,0.0228,0,0.435,0.362,128.37,4
3wyrAqvuBzF3iCRzKkiTS5,"1uNFoZAHBGtllmzznpCI3s","Swap It Out","Journals","Justin Bieber",2014-05-13,240533,55,spotify:user:12132863200,2023-11-04T03:15:55Z,"canadian pop,pop",0.428,0.666,6,-6.241,0,0.0544,0.0313,0,0.0781,0.219,118.697,5
5qHcOrOMSznBWzR8Xy1WYZ,"1uNFoZAHBGtllmzznpCI3s,0c173mlxpT3dSFRgMO8XPh","Memphis","Journals","Justin Bieber,Big Sean",2014-05-13,223866,50,spotify:user:12132863200,2023-11-04T03:15:55Z,"canadian pop,pop,detroit hip hop,hip hop,pop rap,r&b,rap,trap",0.642,0.718,5,-6.954,0,0.056,0.0123,0,0.0854,0.509,122.973,4
2GBgiuXwY1KzJMA0gSAr9J,"1uNFoZAHBGtllmzznpCI3s","Flatline","Journals","Justin Bieber",2014-05-13,219346,58,spotify:user:12132863200,2023-11-04T03:15:55Z,"canadian pop,pop",0.341,0.666,4,-5.733,0,0.0653,0.482,0,0.194,0.36,121.677,4
3grxgV6Ot8KqtysApjYLs1,"1uNFoZAHBGtllmzznpCI3s,1vyhD5VmyZ7KMfW5gqLgo5","Sorry - Latino Remix","Sorry (Latino Remix)","Justin Bieber,J Balvin",2015-11-06,219986,58,spotify:user:12132863200,2023-11-04T03:15:56Z,"canadian pop,pop,reggaeton,reggaeton colombiano,trap latino,urbano latino",0.642,0.753,0,-3.704,0,0.0454,0.146,0,0.299,0.495,100.075,4
2SnNaoNhMjC1WRMTWD8qTX,"1uNFoZAHBGtllmzznpCI3s","Mark My Words","Purpose (Deluxe)","Justin Bieber",2015-11-13,134346,60,spotify:user:12132863200,2023-11-04T03:15:57Z,"canadian pop,pop",0.383,0.256,0,-8.572,1,0.0332,0.88,0.00000269,0.169,0.519,114.188,4
0SNIAtRCPVVLoGEPcuHSIc,"1uNFoZAHBGtllmzznpCI3s","I'll Show You","Purpose (Deluxe)","Justin Bieber",2015-11-13,199946,65,spotify:user:12132863200,2023-11-04T03:15:57Z,"canadian pop,pop",0.361,0.608,9,-6.757,0,0.098,0.05,0.0000796,0.183,0.0789,191.812,4
4B0JvthVoAAuygILe3n4Bs,"1uNFoZAHBGtllmzznpCI3s","What Do You Mean?","Purpose (Deluxe)","Justin Bieber",2015-11-13,205680,82,spotify:user:12132863200,2023-11-04T03:15:57Z,"canadian pop,pop",0.845,0.567,5,-8.118,0,0.0956,0.59,0.00142,0.0811,0.793,125.02,4
09CtPGIpYB4BrO8qb1RGsF,"1uNFoZAHBGtllmzznpCI3s","Sorry","Purpose (Deluxe)","Justin Bieber",2015-11-13,200786,84,spotify:user:12132863200,2023-11-04T03:15:57Z,"canadian pop,pop",0.654,0.76,0,-3.669,0,0.045,0.0797,0,0.299,0.41,99.945,4
50kpGaPAhYJ3sGmk6vplg0,"1uNFoZAHBGtllmzznpCI3s","Love Yourself","Purpose (Deluxe)","Justin Bieber",2015-11-13,233720,86,spotify:user:12132863200,2023-11-04T03:15:57Z,"canadian pop,pop",0.609,0.378,4,-9.828,1,0.438,0.835,0,0.28,0.515,100.418,4
61uyGDPJ06MkxJtHgPmuyO,"1uNFoZAHBGtllmzznpCI3s","Company","Purpose (Deluxe)","Justin Bieber",2015-11-13,208120,80,spotify:user:12132863200,2023-11-04T03:15:57Z,"canadian pop,pop",0.59,0.797,4,-4.901,0,0.0614,0.132,0,0.0846,0.425,94.948,4
23UV8pJEvRnAZd6ZAXBC0H,"1uNFoZAHBGtllmzznpCI3s,0c173mlxpT3dSFRgMO8XPh","No Pressure","Purpose (Deluxe)","Justin Bieber,Big Sean",2015-11-13,286853,63,spotify:user:12132863200,2023-11-04T03:15:57Z,"canadian pop,pop,detroit hip hop,hip hop,pop rap,r&b,rap,trap",0.644,0.595,1,-6.877,1,0.215,0.121,0,0.279,0.554,148.889,3
5L9WFUodzACitS1TiGm7Mi,"1uNFoZAHBGtllmzznpCI3s,0Y5tJX1MQlPlqiwlOH1tJY","No Sense","Purpose (Deluxe)","Justin Bieber,Travis Scott",2015-11-13,275040,64,spotify:user:12132863200,2023-11-04T03:15:57Z,"canadian pop,pop,hip hop,rap,slap house",0.643,0.499,2,-6.795,0,0.0308,0.0478,0,0.108,0.363,133.978,4
7E390nZTMqEbrNC1TmHd42,"1uNFoZAHBGtllmzznpCI3s,26VFTg2z8YR0cCuwLzESi2","The Feeling","Purpose (Deluxe)","Justin Bieber,Halsey",2015-11-13,244906,63,spotify:user:12132863200,2023-11-04T03:15:57Z,"canadian pop,pop,electropop,etherpop,indie poptimism",0.525,0.809,1,-6.185,0,0.0619,0.0819,0.00000122,0.0971,0.21,127.073,4
4yWCzA44dQyp0SoeM81bUb,"1uNFoZAHBGtllmzznpCI3s","Life Is Worth Living","Purpose (Deluxe)","Justin Bieber",2015-11-13,234786,60,spotify:user:12132863200,2023-11-04T03:15:57Z,"canadian pop,pop",0.558,0.296,10,-9.18,1,0.0427,0.907,0,0.108,0.463,76.04,4
0n8ob8S72lvznoVfiwz4qL,"5he5w2lnU9x7JFhnwcekXX,5fMUXHkw8R8eOP2RNVYEZX,1uNFoZAHBGtllmzznpCI3s","Where Are Ü Now","Purpose (Deluxe)","Skrillex,Diplo,Justin Bieber",2015-11-13,242520,1,spotify:user:12132863200,2023-11-04T03:15:57Z,"brostep,complextro,edm,electro,pop dance,dance pop,electro house,moombahton,canadian pop,pop",0.432,0.74,7,-5.053,1,0.062,0.0342,0.00000659,0.14,0.193,139.42,4
7sK3nu6yk8urQ44ouEB7Au,"1uNFoZAHBGtllmzznpCI3s","Children","Purpose (Deluxe)","Justin Bieber",2015-11-13,223333,57,spotify:user:12132863200,2023-11-04T03:15:57Z,"canadian pop,pop",0.634,0.885,11,-4.702,0,0.304,0.0122,0,0.193,0.327,127.064,4
2IjyFRCRn8x1bEquOM3vxg,"1uNFoZAHBGtllmzznpCI3s","Purpose","Purpose (Deluxe)","Justin Bieber",2015-11-13,210160,68,spotify:user:12132863200,2023-11-04T03:15:57Z,"canadian pop,pop",0.481,0.285,0,-10.848,1,0.0424,0.9,0,0.123,0.316,130.029,4
6gcA4zzG6FnMEgPSDKbAMs,"1uNFoZAHBGtllmzznpCI3s","Been You","Purpose (Deluxe)","Justin Bieber",2015-11-13,199226,58,spotify:user:12132863200,2023-11-04T03:15:57Z,"canadian pop,pop",0.74,0.781,7,-6.204,0,0.07,0.0223,0,0.321,0.861,113.021,4
4AMnUGvZUVJgDuY7rOPzUZ,"1uNFoZAHBGtllmzznpCI3s","Get Used To It","Purpose (Deluxe)","Justin Bieber",2015-11-13,238133,56,spotify:user:12132863200,2023-11-04T03:15:57Z,"canadian pop,pop",0.687,0.705,9,-8.453,0,0.0522,0.0339,0,0.164,0.449,110.048,4
1m6FkAtWVloxIRHKl7pBDP,"1uNFoZAHBGtllmzznpCI3s,20qISvAhX20dpIbOOzGK3q","We Are","Purpose (Deluxe)","Justin Bieber,Nas",2015-11-13,202960,54,spotify:user:12132863200,2023-11-04T03:15:57Z,"canadian pop,pop,conscious hip hop,east coast hip hop,gangster rap,hardcore hip hop,hip hop,queens hip hop,rap",0.586,0.774,10,-3.883,0,0.261,0.255,0,0.137,0.651,78.712,4
00IH8ZjI9ZGB51WRX1Oesj,"1uNFoZAHBGtllmzznpCI3s","Trust","Purpose (Deluxe)","Justin Bieber",2015-11-13,203613,54,spotify:user:12132863200,2023-11-04T03:15:57Z,"canadian pop,pop",0.512,0.494,7,-8.16,0,0.206,0.0948,0,0.124,0.492,76.002,3
4kP50JQmyFrl9pLSmnFPZr,"1uNFoZAHBGtllmzznpCI3s","All In It","Purpose (Deluxe)","Justin Bieber",2015-11-13,231413,54,spotify:user:12132863200,2023-11-04T03:15:57Z,"canadian pop,pop",0.459,0.701,5,-7.496,0,0.0782,0.502,0.0000362,0.238,0.509,97.648,4
5YNf9s8WE3iF33YaFNrgpa,"1uNFoZAHBGtllmzznpCI3s","What Do You Mean? - Acoustic","Purpose (Deluxe)","Justin Bieber",2015-11-13,203800,61,spotify:user:12132863200,2023-11-04T03:15:57Z,"canadian pop,pop",0.773,0.358,8,-10.634,1,0.044,0.794,0,0.104,0.756,124.934,4
7iNIg7XDEaYECfWD5dJ9Va,"1uNFoZAHBGtllmzznpCI3s,1okJ4NC308qbtY9LyHn6DO","Friends (with BloodPop®)","Friends (with BloodPop®)","Justin Bieber,BloodPop®",2017-08-17,189466,71,spotify:user:12132863200,2023-11-04T03:15:59Z,"canadian pop,pop,electropop",0.743,0.735,8,-5.337,1,0.0382,0.00389,0,0.304,0.631,104.979,4
6IHwjPf3H4PYkueAqiDmlB,"1uNFoZAHBGtllmzznpCI3s,1okJ4NC308qbtY9LyHn6DO,0ZED1XzwlLHW4ZaG4lOT6m","Friends (with BloodPop® & Julia Michaels) - Remix","Friends (with BloodPop® & Julia Michaels) [Remix]","Justin Bieber,BloodPop®,Julia Michaels",2017-10-20,189466,40,spotify:user:12132863200,2023-11-04T03:15:59Z,"canadian pop,pop,electropop",0.73,0.685,0,-5.851,0,0.0467,0.00481,0,0.232,0.475,105.006,4
5WvAo7DNuPRmk4APhdPzi8,"0QHgL1lAIqAw0HtD7YldmP,1uNFoZAHBGtllmzznpCI3s,0VRj0yCOv2FXJNP47XQnx5,1anyVhU62p31KFi8MEzkbf","No Brainer","No Brainer","DJ Khaled,Justin Bieber,Quavo,Chance the Rapper",2018-07-27,260000,66,spotify:user:12132863200,2023-11-04T03:16:01Z,"hip hop,miami hip hop,pop rap,rap,canadian pop,pop,atl hip hop,melodic rap,trap,chicago rap,conscious hip hop",0.552,0.76,0,-4.706,1,0.342,0.0733,0,0.0865,0.639,135.702,5
3HVWdVOQ0ZA45FuZGSfvns,"1WsYCXdezMjn0KoIrLvMmC,1uNFoZAHBGtllmzznpCI3s","I Don't Care (with Justin Bieber)","I Don't Care (with Justin Bieber)","Ed Sheeran & Justin Bieber,Justin Bieber",2019-05-10,219946,79,spotify:user:12132863200,2023-11-04T03:16:04Z,"canadian pop,pop",0.798,0.675,6,-5.041,1,0.0442,0.0912,0,0.0894,0.842,101.956,4
1VYj8u5I4L5Xl21zQiQMx7,"6eUKZXaKkcviH0Ku9w2n3V,1uNFoZAHBGtllmzznpCI3s,1HBjj22wzbscIZ9sEb5dyf","I Don't Care (with Justin Bieber) - Jonas Blue Remix","I Don't Care (with Justin Bieber) [Jonas Blue Remix]","Ed Sheeran,Justin Bieber,Jonas Blue",2019-06-07,192681,54,spotify:user:12132863200,2023-11-04T03:16:05Z,"pop,singer-songwriter pop,uk pop,canadian pop,pop dance,tropical house,uk dance",0.708,0.872,6,-5.775,1,0.0502,0.0736,0,0.337,0.25,124.026,4
6f807x0ima9a1j3VPbc7VN,"6eUKZXaKkcviH0Ku9w2n3V,1uNFoZAHBGtllmzznpCI3s,6t1gpxYbY8OlLA7D2RiikQ","I Don't Care (with Justin Bieber) - Loud Luxury Remix","I Don't Care (with Justin Bieber) [Loud Luxury Remix]","Ed Sheeran,Justin Bieber,Loud Luxury",2019-06-14,194754,50,spotify:user:12132863200,2023-11-04T03:16:06Z,"pop,singer-songwriter pop,uk pop,canadian pop,edm,pop dance",0.748,0.916,6,-2.634,1,0.0583,0.102,0,0.0653,0.518,122.036,4
2Xqm0jHnkvjzrkkVRInzUB,"6eUKZXaKkcviH0Ku9w2n3V,1uNFoZAHBGtllmzznpCI3s,2oZcMYiKpjaA2Et5mU3RPP,1gWjcmBsveEYMxOZ0VRi32","I Don't Care (with Justin Bieber) - Chronixx & Koffee Remix","I Don't Care (with Justin Bieber) [Chronixx & Koffee Remix]","Ed Sheeran,Justin Bieber,Chronixx,Koffee",2019-06-25,218373,38,spotify:user:12132863200,2023-11-04T03:16:09Z,"pop,singer-songwriter pop,uk pop,canadian pop,dancehall,modern reggae,dancehall queen,jamaican dancehall",0.759,0.688,6,-4.413,1,0.0801,0.347,0,0.11,0.812,101.902,4
3yNZ5r3LKfdmjoS3gkhUCT,"6qqNVTkY8uBg9cP3Jd7DAH,1uNFoZAHBGtllmzznpCI3s","bad guy (with Justin Bieber)","bad guy (with Justin Bieber)","Billie Eilish,Justin Bieber",2019-07-11,194839,68,spotify:user:12132863200,2023-11-04T03:16:11Z,"art pop,pop,canadian pop",0.67,0.453,0,-11.265,1,0.295,0.252,0.33,0.117,0.68,135.055,4
2wrJq5XKLnmhRXHIAf9xBa,"7z5WFjZAIYejWy0NI5lv4T,1uNFoZAHBGtllmzznpCI3s","10,000 Hours (with Justin Bieber)","10,000 Hours (with Justin Bieber)","Dan + Shay,Justin Bieber",2019-10-04,167693,78,spotify:user:12132863200,2023-11-04T03:16:22Z,"contemporary country,country,country road,canadian pop,pop",0.654,0.63,10,-4.644,1,0.0259,0.153,0,0.111,0.43,89.991,4
6HjF1gzVEZMb4GplnGl9B3,"7z5WFjZAIYejWy0NI5lv4T,1uNFoZAHBGtllmzznpCI3s","10,000 Hours (with Justin Bieber) - Piano","10,000 Hours (with Justin Bieber) [Piano]","Dan + Shay,Justin Bieber",2019-11-27,172320,59,spotify:user:12132863200,2023-11-04T03:16:23Z,"contemporary country,country,country road,canadian pop,pop",0.426,0.366,10,-6.514,1,0.0312,0.765,0,0.117,0.386,179.736,4
41L3O37CECZt3N7ziG2z7l,"1uNFoZAHBGtllmzznpCI3s","Yummy","Yummy","Justin Bieber",2020-01-03,210426,68,spotify:user:12132863200,2023-11-04T03:16:24Z,"canadian pop,pop",0.687,0.514,9,-6.612,0,0.0897,0.366,0,0.116,0.494,145.921,4
6zGPytJiZmFuyVq7RTNO9G,"1uNFoZAHBGtllmzznpCI3s,0cGUm45nv7Z6M6qdXYQGTX","Get Me","Get Me","Justin Bieber,Kehlani",2020-01-28,185418,49,spotify:user:12132863200,2023-11-04T03:16:25Z,"canadian pop,pop,r&b,rap",0.824,0.503,6,-6.94,0,0.156,0.05,0.0000525,0.107,0.784,109.397,5
6M29LpV14p1pGJZbkLqDdb,"1uNFoZAHBGtllmzznpCI3s,57LYzLEk2LcFghVwuWbcuS","Yummy - Summer Walker Remix","Yummy (Summer Walker Remix)","Justin Bieber,Summer Walker",2020-02-03,209177,42,spotify:user:12132863200,2023-11-04T03:16:26Z,"canadian pop,pop,r&b,rap",0.653,0.579,2,-5.709,0,0.0512,0.289,0,0.105,0.555,145.882,4
364dI1bYnvamSnBJ8JcNzN,"1uNFoZAHBGtllmzznpCI3s,0VRj0yCOv2FXJNP47XQnx5","Intentions","Intentions","Justin Bieber,Quavo",2020-02-07,212868,73,spotify:user:12132863200,2023-11-04T03:16:28Z,"canadian pop,pop,atl hip hop,melodic rap,rap,trap",0.811,0.553,9,-6.644,1,0.0552,0.317,0,0.105,0.86,148.014,4
5Py8zRKGkZvgHniVVtvNCN,"1uNFoZAHBGtllmzznpCI3s","All Around Me","Changes","Justin Bieber",2020-02-14,136906,60,spotify:user:12132863200,2023-11-04T03:16:30Z,"canadian pop,pop",0.566,0.438,0,-7.564,0,0.0367,0.809,0,0.212,0.692,117.127,4
40qyPyljksBEqlNw5sW37T,"1uNFoZAHBGtllmzznpCI3s","Habitual","Changes","Justin Bieber",2020-02-14,168200,61,spotify:user:12132863200,2023-11-04T03:16:30Z,"canadian pop,pop",0.764,0.443,4,-6.625,1,0.0439,0.52,0.0000196,0.0749,0.63,138.999,4
2o9LAypwGH4ctV0i9boo6d,"1uNFoZAHBGtllmzznpCI3s","Come Around Me","Changes","Justin Bieber",2020-02-14,200773,67,spotify:user:12132863200,2023-11-04T03:16:30Z,"canadian pop,pop",0.648,0.681,2,-8.389,0,0.0378,0.263,0.00783,0.0971,0.767,157.941,4
4umIPjkehX1r7uhmGvXiSV,"1uNFoZAHBGtllmzznpCI3s,0VRj0yCOv2FXJNP47XQnx5","Intentions (feat. Quavo)","Changes","Justin Bieber,Quavo",2020-02-14,212866,77,spotify:user:12132863200,2023-11-04T03:16:30Z,"canadian pop,pop,atl hip hop,melodic rap,rap,trap",0.806,0.546,9,-6.637,1,0.0575,0.3,0,0.102,0.874,147.986,4
16wAOAZ2OkqoIDN7TpChjR,"1uNFoZAHBGtllmzznpCI3s","Yummy","Changes","Justin Bieber",2020-02-14,208520,70,spotify:user:12132863200,2023-11-04T03:16:30Z,"canadian pop,pop",0.676,0.506,9,-6.652,0,0.0958,0.345,0,0.118,0.497,145.842,4
1b6tPXXCV2fSNtR3SKWUQA,"1uNFoZAHBGtllmzznpCI3s","Available","Changes","Justin Bieber",2020-02-14,195333,57,spotify:user:12132863200,2023-11-04T03:16:30Z,"canadian pop,pop",0.702,0.608,3,-6.843,1,0.0359,0.0736,0,0.129,0.597,75.012,4
2ZlCGeK30BLRNSPC832pNZ,"1uNFoZAHBGtllmzznpCI3s,246dkjvS1zLTtiykXe5h60,5yy76ufVriyvidNSvXlRU1","Forever (feat. Post Malone & Clever)","Changes","Justin Bieber,Post Malone,Clever",2020-02-14,219933,69,spotify:user:12132863200,2023-11-04T03:16:30Z,"canadian pop,pop,dfw rap,melodic rap,rap,alabama rap",0.825,0.483,8,-5.746,0,0.08,0.538,0.0000148,0.204,0.892,139.98,4
75nKBP8jQu681pTNCtrEnn,"1uNFoZAHBGtllmzznpCI3s,1tqhsYv8yBBdwANFNzHtcr","Running Over (feat. Lil Dicky)","Changes","Justin Bieber,Lil Dicky",2020-02-14,179626,56,spotify:user:12132863200,2023-11-04T03:16:30Z,"canadian pop,pop,comedy rap,indie pop rap,pop rap",0.774,0.603,11,-7.319,1,0.0591,0.438,0.0000437,0.0869,0.977,149.982,4
39nTNk5MfyiiRupTwn1iyC,"1uNFoZAHBGtllmzznpCI3s","Take It Out On Me","Changes","Justin Bieber",2020-02-14,178013,52,spotify:user:12132863200,2023-11-04T03:16:30Z,"canadian pop,pop",0.772,0.616,7,-4.673,1,0.102,0.00337,0.00000236,0.104,0.279,129.967,4
1PnAx788sAvcI3ZxTlEyX8,"1uNFoZAHBGtllmzznpCI3s,0Y5tJX1MQlPlqiwlOH1tJY","Second Emotion (feat. Travis Scott)","Changes","Justin Bieber,Travis Scott",2020-02-14,202720,59,spotify:user:12132863200,2023-11-04T03:16:30Z,"canadian pop,pop,hip hop,rap,slap house",0.796,0.777,11,-6.112,0,0.0567,0.0276,0.0000287,0.095,0.96,141.97,4
5VwwpU7KsLhgfbMEecedhJ,"1uNFoZAHBGtllmzznpCI3s,0cGUm45nv7Z6M6qdXYQGTX","Get Me (feat. Kehlani)","Changes","Justin Bieber,Kehlani",2020-02-14,185426,59,spotify:user:12132863200,2023-11-04T03:16:30Z,"canadian pop,pop,r&b,rap",0.832,0.508,6,-6.913,0,0.149,0.0492,0.0000539,0.107,0.75,109.352,5
6PzOPrXx8tJEqace76yrv2,"1uNFoZAHBGtllmzznpCI3s","E.T.A.","Changes","Justin Bieber",2020-02-14,176733,58,spotify:user:12132863200,2023-11-04T03:16:30Z,"canadian pop,pop",0.465,0.494,4,-7.595,0,0.066,0.49,0,0.127,0.457,127.298,4
521Os1SMlxmsoevsqyjNmJ,"1uNFoZAHBGtllmzznpCI3s","Changes","Changes","Justin Bieber",2020-02-14,135493,61,spotify:user:12132863200,2023-11-04T03:16:30Z,"canadian pop,pop",0.485,0.412,9,-7.766,0,0.042,0.738,0,0.12,0.612,64.062,3
60brXKLTC15vK0av5gIldm,"1uNFoZAHBGtllmzznpCI3s","Confirmation","Changes","Justin Bieber",2020-02-14,170586,58,spotify:user:12132863200,2023-11-04T03:16:30Z,"canadian pop,pop",0.438,0.315,8,-8.186,1,0.0375,0.608,0,0.151,0.449,190.064,3
2hLu8L8SNfCN4yKyPdX0h3,"1uNFoZAHBGtllmzznpCI3s","That's What Love Is","Changes","Justin Bieber",2020-02-14,165120,57,spotify:user:12132863200,2023-11-04T03:16:30Z,"canadian pop,pop",0.639,0.437,9,-6.959,1,0.0355,0.692,0,0.12,0.751,147.575,4
6VLkgf5YmLixsabdqiCVGU,"1uNFoZAHBGtllmzznpCI3s","At Least For Now","Changes","Justin Bieber",2020-02-14,149653,53,spotify:user:12132863200,2023-11-04T03:16:30Z,"canadian pop,pop",0.375,0.304,9,-9.897,1,0.0325,0.683,0,0.196,0.295,83.832,3
2FBpJGt00G0h1q0RHuqaGO,"1uNFoZAHBGtllmzznpCI3s,57LYzLEk2LcFghVwuWbcuS","Yummy - Summer Walker Remix","Changes","Justin Bieber,Summer Walker",2020-02-14,209213,51,spotify:user:12132863200,2023-11-04T03:16:30Z,"canadian pop,pop,r&b,rap",0.655,0.578,9,-5.711,0,0.0534,0.311,0,0.109,0.546,145.869,4
18190jS9db6xIkdt6HkgXj,"1uNFoZAHBGtllmzznpCI3s,3b8QkneNDz4JHKKKlLgYZg","Yummy - Country Remix","Yummy (Country Remix)","Justin Bieber,Florida Georgia Line",2020-02-19,203698,37,spotify:user:12132863200,2023-11-04T03:16:31Z,"canadian pop,pop,contemporary country,country,country pop,country road,modern country rock",0.636,0.607,9,-6.596,0,0.0852,0.255,0,0.0962,0.651,145.807,4
6VkmdRz8YgHFQV3ZNTJAWU,"1uNFoZAHBGtllmzznpCI3s","Intentions - Acoustic","Intentions (Acoustic)","Justin Bieber",2020-03-19,160611,62,spotify:user:12132863200,2023-11-04T03:16:33Z,"canadian pop,pop",0.711,0.411,9,-6.657,1,0.035,0.594,0,0.0903,0.791,73.997,4
0mbQJ2svktRQqCj9nUatUI,"1uNFoZAHBGtllmzznpCI3s","Habitual","R&Bieber","Justin Bieber",2020-03-24,168200,24,spotify:user:12132863200,2023-11-04T03:16:34Z,"canadian pop,pop",0.761,0.443,4,-6.625,1,0.0448,0.525,0.0000183,0.0751,0.626,138.995,4
5zswGvnODIurh2dUHcVrBa,"1uNFoZAHBGtllmzznpCI3s","Take It Out On Me","R&Bieber","Justin Bieber",2020-03-24,178013,21,spotify:user:12132863200,2023-11-04T03:16:34Z,"canadian pop,pop",0.771,0.615,7,-4.681,1,0.101,0.00343,0.00000254,0.104,0.29,129.967,4
0Rr82eFONenOYPCOvthcKh,"1uNFoZAHBGtllmzznpCI3s","Changes","R&Bieber","Justin Bieber",2020-03-24,135493,22,spotify:user:12132863200,2023-11-04T03:16:34Z,"canadian pop,pop",0.504,0.412,0,-7.766,1,0.0422,0.738,0,0.12,0.616,65.877,4
4j7iNxZMrEgb3HVDH8cQWW,"1uNFoZAHBGtllmzznpCI3s,0cGUm45nv7Z6M6qdXYQGTX","Get Me","R&Bieber","Justin Bieber,Kehlani",2020-03-24,185418,21,spotify:user:12132863200,2023-11-04T03:16:34Z,"canadian pop,pop,r&b,rap",0.829,0.503,6,-6.94,0,0.133,0.0493,0.0000532,0.107,0.787,109.283,5
6O9Zqai2OpGkosgMVzoBFc,"1uNFoZAHBGtllmzznpCI3s","Available","R&Bieber","Justin Bieber",2020-03-24,195333,21,spotify:user:12132863200,2023-11-04T03:16:34Z,"canadian pop,pop",0.702,0.606,3,-6.843,1,0.0361,0.0741,0,0.129,0.595,75.016,4
22IQFBWTk1O6uF6JV2oEeP,"1uNFoZAHBGtllmzznpCI3s","Changes","Work From Home","Justin Bieber",2020-03-26,135493,27,spotify:user:12132863200,2023-11-04T03:16:39Z,"canadian pop,pop",0.504,0.412,0,-7.766,1,0.0422,0.738,0,0.12,0.616,65.877,4
2TNhWOFO2BRltGCoIgGQZC,"1uNFoZAHBGtllmzznpCI3s","Available","Work From Home","Justin Bieber",2020-03-26,195333,22,spotify:user:12132863200,2023-11-04T03:16:39Z,"canadian pop,pop",0.702,0.606,3,-6.843,1,0.0361,0.0741,0,0.129,0.595,75.016,4
1VGzrviBoqPz3WsN9KB9lz,"1uNFoZAHBGtllmzznpCI3s","At Least For Now","Work From Home","Justin Bieber",2020-03-26,149653,25,spotify:user:12132863200,2023-11-04T03:16:39Z,"canadian pop,pop",0.494,0.304,9,-9.876,1,0.0328,0.683,0,0.187,0.291,110.754,4
4Cb7eYqroB6XEkF0a1Rxw5,"1uNFoZAHBGtllmzznpCI3s,1tqhsYv8yBBdwANFNzHtcr","Running Over","Work From Home","Justin Bieber,Lil Dicky",2020-03-26,179626,29,spotify:user:12132863200,2023-11-04T03:16:39Z,"canadian pop,pop,comedy rap,indie pop rap,pop rap",0.774,0.603,11,-7.319,1,0.0591,0.44,0.0000437,0.0869,0.977,149.982,4
2bSWxH80QGTl762kSMEKWB,"1uNFoZAHBGtllmzznpCI3s","Intentions - Acoustic","Work From Home","Justin Bieber",2020-03-26,160611,29,spotify:user:12132863200,2023-11-04T03:16:39Z,"canadian pop,pop",0.715,0.411,9,-6.657,1,0.0337,0.594,0,0.0903,0.799,73.994,4
4HBZA5flZLE435QTztThqH,"66CXWjxzNUsdJxJ2JdwvnR,1uNFoZAHBGtllmzznpCI3s","Stuck with U (with Justin Bieber)","Stuck with U","Ariana Grande,Justin Bieber",2020-05-08,228482,82,spotify:user:12132863200,2023-11-04T03:16:46Z,"pop,canadian pop",0.597,0.45,8,-6.658,1,0.0418,0.223,0,0.382,0.537,178.765,3
6iKm3XrLf3PNIcNQUhpAbn,"1uNFoZAHBGtllmzznpCI3s","Hold Tight - Single Version","#tBt","Justin Bieber",2020-09-10,254213,22,spotify:user:12132863200,2023-11-04T03:16:48Z,"canadian pop,pop",0.565,0.612,10,-5.795,0,0.169,0.28,0,0.105,0.487,117.696,4
7zBOf7sLdKueQEfw0UgCSF,"1uNFoZAHBGtllmzznpCI3s","One Love","#tBt","Justin Bieber",2020-09-10,234493,23,spotify:user:12132863200,2023-11-04T03:16:48Z,"canadian pop,pop",0.689,0.611,11,-7.56,1,0.032,0.00267,0,0.0942,0.228,127.914,4
3JhCd6H5QdsWCIkOqTr03R,"1uNFoZAHBGtllmzznpCI3s","Love Yourself","#tBt","Justin Bieber",2020-09-10,232626,30,spotify:user:12132863200,2023-11-04T03:16:48Z,"canadian pop,pop",0.759,0.401,4,-8.999,1,0.259,0.86,0,0.299,0.576,100.126,4
1t8QxevQSbEEp3dJ6U5Xtk,"1uNFoZAHBGtllmzznpCI3s","Yellow Raincoat","#tBt","Justin Bieber",2020-09-10,224106,21,spotify:user:12132863200,2023-11-04T03:16:48Z,"canadian pop,pop",0.783,0.375,10,-9.59,0,0.0328,0.708,0.124,0.0933,0.742,109.954,4
0sZxmrM5WvkoB6HaXfArc1,"1uNFoZAHBGtllmzznpCI3s,1anyVhU62p31KFi8MEzkbf","Confident - Single Version","#tBt","Justin Bieber,Chance the Rapper",2020-09-10,248760,33,spotify:user:12132863200,2023-11-04T03:16:48Z,"canadian pop,pop,chicago rap,conscious hip hop,hip hop,pop rap,rap",0.717,0.57,5,-5.459,0,0.161,0.114,0,0.2,0.894,134.018,4
5u1n1kITHCxxp8twBcZxWy,"1uNFoZAHBGtllmzznpCI3s,1anyVhU62p31KFi8MEzkbf","Holy (feat. Chance The Rapper)","Holy","Justin Bieber,Chance the Rapper",2020-09-18,212093,73,spotify:user:12132863200,2023-11-04T03:16:50Z,"canadian pop,pop,chicago rap,conscious hip hop,hip hop,pop rap,rap",0.673,0.704,6,-8.056,1,0.36,0.196,0,0.0898,0.372,86.919,4
4y4spB9m0Q6026KfkAvy9Q,"1uNFoZAHBGtllmzznpCI3s,5CiGnKThu5ctn9pBxv7DGa","Lonely (with benny blanco)","Lonely (with benny blanco)","Justin Bieber,benny blanco",2020-10-16,149297,72,spotify:user:12132863200,2023-11-04T03:16:51Z,"canadian pop,pop",0.631,0.239,11,-7.071,0,0.0398,0.864,0,0.116,0.0927,79.859,4
4MyOniEgBnVt8bYFHyTEDl,"1uNFoZAHBGtllmzznpCI3s,5CiGnKThu5ctn9pBxv7DGa","Lonely (with benny blanco)","Lonely (with benny blanco) [Main + Acoustic]","Justin Bieber,benny blanco",2020-10-27,149297,30,spotify:user:12132863200,2023-11-04T03:16:53Z,"canadian pop,pop",0.597,0.24,11,-7.056,0,0.0406,0.871,0,0.115,0.0929,79.414,4
4fKiuIavbsoTRZ6R7xuAyT,"1uNFoZAHBGtllmzznpCI3s,5CiGnKThu5ctn9pBxv7DGa","Lonely (with benny blanco) - Acoustic","Lonely (with benny blanco) [Main + Acoustic]","Justin Bieber,benny blanco",2020-10-27,155188,52,spotify:user:12132863200,2023-11-04T03:16:53Z,"canadian pop,pop",0.365,0.117,11,-10.61,0,0.041,0.969,0.00000248,0.684,0.119,168.744,4
6gcQJ6W4H89xkQFm63gcsB,"1uNFoZAHBGtllmzznpCI3s,1anyVhU62p31KFi8MEzkbf","Holy - Acoustic","Holy (Acoustic)","Justin Bieber,Chance the Rapper",2020-11-05,205815,54,spotify:user:12132863200,2023-11-04T03:16:54Z,"canadian pop,pop,chicago rap,conscious hip hop,hip hop,pop rap,rap",0.532,0.566,6,-6.511,1,0.0467,0.706,0,0.161,0.576,79.927,4
6FuGJB290AQMAHTfjOYVaK,"6fWVd57NKTalqvmjRd2t8Z,1uNFoZAHBGtllmzznpCI3s,1vyhD5VmyZ7KMfW5gqLgo5,6ASri4ePR7RlsvIQgWPJpS","Mood (Remix) feat. Justin Bieber, J Balvin & iann dior","Mood (Remix) feat. Justin Bieber, J Balvin & iann dior","24kGoldn,Justin Bieber,J Balvin,iann dior",2020-11-06,192745,68,spotify:user:12132863200,2023-11-04T03:16:55Z,"cali rap,pop rap,canadian pop,pop,reggaeton,reggaeton colombiano,trap latino,urbano latino,melodic rap",0.721,0.745,7,-3.508,0,0.0366,0.151,0.00000124,0.372,0.699,90.988,4
19pDGIQMBBBzteNjmzzjDN,"1uNFoZAHBGtllmzznpCI3s","Rockin' Around The Christmas Tree","Rockin' Around The Christmas Tree","Justin Bieber",2020-11-12,132732,42,spotify:user:12132863200,2023-11-04T03:16:56Z,"canadian pop,pop",0.472,0.643,5,-3.656,1,0.031,0.0189,0,0.0957,0.832,151.783,4
2Z8yfpFX0ZMavHkcIeHiO1,"7n2wHs1TKAczGzO7Dd2rGr,1uNFoZAHBGtllmzznpCI3s","Monster (Shawn Mendes & Justin Bieber)","Monster","Shawn Mendes,Justin Bieber",2020-11-20,178994,72,spotify:user:12132863200,2023-11-04T03:16:57Z,"canadian pop,pop,viral pop",0.652,0.383,2,-7.076,0,0.0516,0.0676,0,0.0828,0.549,145.765,4
2MBQOhgASaV6N5ZWNmpSSy,"1uNFoZAHBGtllmzznpCI3s","Mistletoe","Home for Christmas","Justin Bieber",2020-12-04,183066,35,spotify:user:12132863200,2023-11-04T03:16:58Z,"canadian pop,pop",0.623,0.668,6,-7.282,0,0.0531,0.475,0,0.0862,0.823,161.948,4
3ZTKFoeusi6CJQk9P3TPiS,"1uNFoZAHBGtllmzznpCI3s,6O74knDqdv3XaWtkII7Xjp","Fa La La","Home for Christmas","Justin Bieber,Boyz II Men",2020-12-04,185560,25,spotify:user:12132863200,2023-11-04T03:16:58Z,"canadian pop,pop,boy band,contemporary r&b,new jack swing,r&b,urban contemporary",0.658,0.679,10,-8.606,0,0.0361,0.0207,0.00000315,0.198,0.42,94.489,4
0HTRyMiBJAUvwK10v6wBOR,"1uNFoZAHBGtllmzznpCI3s,1anyVhU62p31KFi8MEzkbf","Holy","Home for Christmas","Justin Bieber,Chance the Rapper",2020-12-04,212093,37,spotify:user:12132863200,2023-11-04T03:16:58Z,"canadian pop,pop,chicago rap,conscious hip hop,hip hop,pop rap,rap",0.673,0.704,6,-8.056,1,0.36,0.196,0,0.0898,0.372,86.919,4
4wepivve46tT5jNODXPet5,"1uNFoZAHBGtllmzznpCI3s,23zg3TcAtWQy7J6upgbUnj","The Christmas Song (Chestnuts Roasting On An Open Fire)","Home for Christmas","Justin Bieber,USHER",2020-12-04,216426,24,spotify:user:12132863200,2023-11-04T03:16:58Z,"canadian pop,pop,atl hip hop,contemporary r&b,dance pop,r&b,rap,south carolina hip hop,urban contemporary",0.533,0.426,9,-9.525,0,0.0297,0.46,0,0.1,0.152,103.267,3
3CpgC6JNdRfh8FEYqL7dxK,"1uNFoZAHBGtllmzznpCI3s","Santa Claus Is Coming To Town","Home for Christmas","Justin Bieber",2020-12-04,216720,25,spotify:user:12132863200,2023-11-04T03:16:58Z,"canadian pop,pop",0.639,0.836,0,-4.878,0,0.048,0.027,0,0.283,0.814,104.998,4
3gIRWI8MWvTJWTtjMwXLVv,"1uNFoZAHBGtllmzznpCI3s,1YfEcTuGvBQ8xSD1f53UnK","Drummer Boy","Home for Christmas","Justin Bieber,Busta Rhymes",2020-12-04,225333,24,spotify:user:12132863200,2023-11-04T03:16:58Z,"canadian pop,pop,east coast hip hop,hardcore hip hop,hip hop,pop rap,rap",0.752,0.85,8,-8.327,1,0.0819,0.025,0.000131,0.149,0.491,122.991,4
31qCy5ZaophVA81wtlwLc4,"1uNFoZAHBGtllmzznpCI3s","Anyone","Anyone","Justin Bieber",2021-01-01,190779,73,spotify:user:12132863200,2023-11-04T03:17:00Z,"canadian pop,pop",0.686,0.538,2,-8.026,1,0.0345,0.181,0.00000313,0.113,0.584,115.884,4
4u4NyuceXP7Uzh7XFJKCr1,"1uNFoZAHBGtllmzznpCI3s","Hold On","Hold On","Justin Bieber",2021-03-05,170813,71,spotify:user:12132863200,2023-11-04T03:17:08Z,"canadian pop,pop",0.658,0.634,1,-5.797,0,0.0413,0.0106,0,0.132,0.29,139.98,4
0oaY19dUwZimIgzn3ZZLZO,"1uNFoZAHBGtllmzznpCI3s","2 Much","Justice","Justin Bieber",2021-03-19,152796,70,spotify:user:12132863200,2023-11-04T03:17:09Z,"canadian pop,pop",0.583,0.444,9,-8.601,1,0.0456,0.593,0,0.353,0.167,119.59,4
5NU40QTlXrDUJzDBdv79bg,"1uNFoZAHBGtllmzznpCI3s","Deserve You","Justice","Justin Bieber",2021-03-19,187238,65,spotify:user:12132863200,2023-11-04T03:17:09Z,"canadian pop,pop",0.677,0.633,7,-7.831,1,0.0771,0.0314,0,0.112,0.409,89.934,4
6F2r4HgpJnvKDmkN6JEN6J,"1uNFoZAHBGtllmzznpCI3s,6LuN9FCkKOj5PcnpouEgny","As I Am (feat. Khalid)","Justice","Justin Bieber,Khalid",2021-03-19,174406,66,spotify:user:12132863200,2023-11-04T03:17:09Z,"canadian pop,pop,pop r&b",0.595,0.543,11,-8.149,1,0.038,0.127,0,0.0975,0.109,99.928,4
3T03rPwlL8NVk1yIaxeD8U,"1uNFoZAHBGtllmzznpCI3s","Off My Face","Justice","Justin Bieber",2021-03-19,156467,78,spotify:user:12132863200,2023-11-04T03:17:09Z,"canadian pop,pop",0.509,0.228,4,-8.68,1,0.0332,0.92,0,0.104,0.586,90.674,4
6Xgq7MvZiet0hVi3KaDSgJ,"1uNFoZAHBGtllmzznpCI3s,1anyVhU62p31KFi8MEzkbf","Holy (feat. Chance The Rapper)","Justice","Justin Bieber,Chance the Rapper",2021-03-19,212093,69,spotify:user:12132863200,2023-11-04T03:17:09Z,"canadian pop,pop,chicago rap,conscious hip hop,hip hop,pop rap,rap",0.67,0.693,6,-8.34,1,0.35,0.2,0,0.0909,0.388,87.017,4
137mSruegm1u6x9NvwiagR,"1uNFoZAHBGtllmzznpCI3s,2tIP7SsRs7vjIcLrU85W8J","Unstable (feat. The Kid LAROI)","Justice","Justin Bieber,The Kid LAROI",2021-03-19,158324,68,spotify:user:12132863200,2023-11-04T03:17:09Z,"canadian pop,pop,australian hip hop",0.495,0.333,4,-10.109,0,0.0288,0.737,0,0.112,0.37,99.757,4
680qLWCMRfR6evrNNBCE9e,"28QlAisHETVQGqLPDfo3eC","MLK Interlude","Justice","-",2021-03-19,104007,51,spotify:user:12132863200,2023-11-04T03:17:09Z,"",0.649,0.429,10,-8.428,0,0.468,0.386,0,0.311,0.426,100.389,3
7aely3H8kMj9o0gt6vXHE1,"1uNFoZAHBGtllmzznpCI3s,6USv9qhCn6zfxlBQIYJ9qs","Die For You (feat. Dominic Fike)","Justice","Justin Bieber,Dominic Fike",2021-03-19,198425,62,spotify:user:12132863200,2023-11-04T03:17:09Z,"canadian pop,pop,alternative pop rock,pov: indie",0.728,0.629,1,-6.629,1,0.0318,0.00196,0.00000194,0.0847,0.71,135.031,4
1nahzW3kfMuwReTka28tH5,"1uNFoZAHBGtllmzznpCI3s","Hold On","Justice","Justin Bieber",2021-03-19,170813,74,spotify:user:12132863200,2023-11-04T03:17:09Z,"canadian pop,pop",0.658,0.634,1,-6.068,0,0.0431,0.0104,0,0.12,0.302,140.002,4
3buwFfY33H32wfZ6X9poV3,"1uNFoZAHBGtllmzznpCI3s","Somebody","Justice","Justin Bieber",2021-03-19,179414,63,spotify:user:12132863200,2023-11-04T03:17:09Z,"canadian pop,pop",0.551,0.756,2,-7.679,1,0.045,0.000284,0.0000948,0.118,0.359,75.991,4
6I3mqTwhRpn34SLVafSH7G,"1uNFoZAHBGtllmzznpCI3s","Ghost","Justice","Justin Bieber",2021-03-19,153190,89,spotify:user:12132863200,2023-11-04T03:17:09Z,"canadian pop,pop",0.601,0.741,2,-5.569,1,0.0478,0.185,0.0000291,0.415,0.441,153.96,4
4iJyoBOLtHqaGxP12qzhQI,"1uNFoZAHBGtllmzznpCI3s,20wkVLutqVOYrc0kxFs7rA,4fxd5Ee7UefO4CUXgwJ7IP","Peaches (feat. Daniel Caesar & Giveon)","Justice","Justin Bieber,Daniel Caesar,Giveon",2021-03-19,198081,84,spotify:user:12132863200,2023-11-04T03:17:09Z,"canadian pop,pop,canadian contemporary r&b,r&b",0.677,0.696,0,-6.181,1,0.119,0.321,0,0.42,0.464,90.03,4
27UcQ6dAvQrgH9C880rCM3,"1uNFoZAHBGtllmzznpCI3s,46MWeeHNVMYRIIofQBEX98","Love You Different (feat. BEAM)","Justice","Justin Bieber,BEAM",2021-03-19,186695,60,spotify:user:12132863200,2023-11-04T03:17:09Z,"canadian pop,pop,canadian hip hop,trap soul",0.759,0.584,8,-6.655,1,0.06,0.0652,0.00000159,0.16,0.374,127.138,4
2tB9OFgAHjAds3cqquLlvp,"1uNFoZAHBGtllmzznpCI3s,3wcj11K77LjEY1PkEazffa","Loved By You (feat. Burna Boy)","Justice","Justin Bieber,Burna Boy",2021-03-19,159250,67,spotify:user:12132863200,2023-11-04T03:17:09Z,"canadian pop,pop,afrobeats,azontobeats,dancehall,nigerian hip hop,nigerian pop",0.79,0.724,1,-6.972,1,0.0852,0.0696,0.00000233,0.113,0.642,101.04,4
2WnAKZefdRHxtBEkRjFOHC,"1uNFoZAHBGtllmzznpCI3s","Anyone","Justice","Justin Bieber",2021-03-19,190779,73,spotify:user:12132863200,2023-11-04T03:17:09Z,"canadian pop,pop",0.685,0.521,2,-8.285,1,0.0345,0.185,0.00000359,0.111,0.578,115.885,4
3S8jK1mGzQi24ilFb45DAZ,"1uNFoZAHBGtllmzznpCI3s,5CiGnKThu5ctn9pBxv7DGa","Lonely (with benny blanco)","Justice","Justin Bieber,benny blanco",2021-03-19,149189,73,spotify:user:12132863200,2023-11-04T03:17:09Z,"canadian pop,pop",0.619,0.241,11,-7.102,0,0.046,0.9,0,0.116,0.0719,79.461,4
6TQeWWQMtSWFNgR7yxvcg6,"1uNFoZAHBGtllmzznpCI3s,46MWeeHNVMYRIIofQBEX98","Freedom (with BEAM)","Freedom.","Justin Bieber,BEAM",2021-03-25,165346,45,spotify:user:12132863200,2023-11-04T03:17:10Z,"canadian pop,pop,canadian hip hop,trap soul",0.815,0.634,4,-6.641,0,0.107,0.253,0.00279,0.0827,0.894,96.058,4
4J8JsvGToawvjyVL482UqH,"1uNFoZAHBGtllmzznpCI3s,4DA4b7VHa3E5WzrIogv3zF,6y7frW1RUq3XBBXbYowVpk","All She Wrote (feat. Brandon Love & Chandler Moore)","Freedom.","Justin Bieber,Brandon Love,Chandler Moore",2021-03-25,234400,36,spotify:user:12132863200,2023-11-04T03:17:10Z,"canadian pop,pop,worship",0.572,0.693,0,-5.639,0,0.211,0.396,0,0.84,0.678,152.491,4
7EsQIwQRGUonT3vja1weWW,"1uNFoZAHBGtllmzznpCI3s","We’re In This Together","Freedom.","Justin Bieber",2021-03-25,181640,40,spotify:user:12132863200,2023-11-04T03:17:10Z,"canadian pop,pop",0.546,0.654,2,-6.189,1,0.364,0.123,0,0.117,0.563,72.527,4
4XeDTAfStwoOLB2NjCrRMA,"1uNFoZAHBGtllmzznpCI3s,1W7FNibLa0O0b572tB2w7t,6y7frW1RUq3XBBXbYowVpk,2Cxb2kuXKmtE7g8noyL5yJ","Where You Go I Follow (feat. Pink Sweat$, Chandler Moore & Judah Smith)","Freedom.","Justin Bieber,Pink Sweat$,Chandler Moore,Judah Smith",2021-03-25,212533,40,spotify:user:12132863200,2023-11-04T03:17:10Z,"canadian pop,pop,bedroom soul,worship",0.646,0.634,1,-5.689,0,0.0538,0.181,0.0000565,0.639,0.308,139.93,4
6YY78QaJxC3DLQzanXQRnl,"1uNFoZAHBGtllmzznpCI3s,1vSN1fsvrzpbttOYGsliDr,6y7frW1RUq3XBBXbYowVpk,2Cxb2kuXKmtE7g8noyL5yJ","Where Do I Fit In (feat. Tori Kelly, Chandler Moore & Judah Smith)","Freedom.","Justin Bieber,Tori Kelly,Chandler Moore,Judah Smith",2021-03-25,286453,41,spotify:user:12132863200,2023-11-04T03:17:10Z,"canadian pop,pop,post-teen pop,worship",0.389,0.261,2,-10.189,1,0.0343,0.82,0.0000572,0.134,0.379,113.922,4
6SLCa0j1sDc3CWTYCxbK0U,"1uNFoZAHBGtllmzznpCI3s,7q4d6AQkUPNfmZzBhzfnNt","Afraid To Say (feat. Lauren Walters)","Freedom.","Justin Bieber,Lauren Walters",2021-03-25,262573,36,spotify:user:12132863200,2023-11-04T03:17:10Z,"canadian pop,pop",0.631,0.337,0,-9.308,1,0.0293,0.907,0,0.173,0.396,80.079,1
1gjmPHYd1SoEmsj8Rd15MC,"1uNFoZAHBGtllmzznpCI3s","2 Much","Justice (Triple Chucks Deluxe)","Justin Bieber",2021-03-26,152796,46,spotify:user:12132863200,2023-11-04T03:17:12Z,"canadian pop,pop",0.583,0.444,9,-8.601,1,0.0456,0.593,0,0.353,0.167,119.59,4
3G1OkwOwT7rQpjxooDgApO,"1uNFoZAHBGtllmzznpCI3s","Deserve You","Justice (Triple Chucks Deluxe)","Justin Bieber",2021-03-26,187238,45,spotify:user:12132863200,2023-11-04T03:17:12Z,"canadian pop,pop",0.677,0.633,7,-7.831,1,0.0771,0.0314,0,0.112,0.409,89.934,4
5taMOY6HlxpEqUyhM1bFu2,"1uNFoZAHBGtllmzznpCI3s,6LuN9FCkKOj5PcnpouEgny","As I Am (feat. Khalid)","Justice (Triple Chucks Deluxe)","Justin Bieber,Khalid",2021-03-26,174406,46,spotify:user:12132863200,2023-11-04T03:17:12Z,"canadian pop,pop,pop r&b",0.595,0.543,11,-8.149,1,0.038,0.127,0,0.0975,0.109,99.928,4
3hQnKdzsVzF0eEauZAnpvl,"1uNFoZAHBGtllmzznpCI3s","Off My Face","Justice (Triple Chucks Deluxe)","Justin Bieber",2021-03-26,156467,48,spotify:user:12132863200,2023-11-04T03:17:12Z,"canadian pop,pop",0.509,0.228,4,-8.68,1,0.0332,0.92,0,0.104,0.586,90.674,4
6nPbYhCg1L6abGsy6bKylA,"1uNFoZAHBGtllmzznpCI3s,1anyVhU62p31KFi8MEzkbf","Holy (feat. Chance The Rapper)","Justice (Triple Chucks Deluxe)","Justin Bieber,Chance the Rapper",2021-03-26,212093,44,spotify:user:12132863200,2023-11-04T03:17:12Z,"canadian pop,pop,chicago rap,conscious hip hop,hip hop,pop rap,rap",0.67,0.693,6,-8.34,1,0.35,0.2,0,0.0909,0.388,87.017,4
3ppFZ3cYXbi0T8tUJDNx7Q,"1uNFoZAHBGtllmzznpCI3s,2tIP7SsRs7vjIcLrU85W8J","Unstable (feat. The Kid LAROI)","Justice (Triple Chucks Deluxe)","Justin Bieber,The Kid LAROI",2021-03-26,158324,44,spotify:user:12132863200,2023-11-04T03:17:12Z,"canadian pop,pop,australian hip hop",0.495,0.333,4,-10.109,0,0.0288,0.737,0,0.112,0.37,99.757,4
2dq9vLM5T9VUO4KpSZKTD1,"28QlAisHETVQGqLPDfo3eC","MLK Interlude","Justice (Triple Chucks Deluxe)","-",2021-03-26,104007,37,spotify:user:12132863200,2023-11-04T03:17:12Z,"",0.649,0.429,10,-8.428,0,0.468,0.386,0,0.311,0.426,100.389,3
2gBPZEtW6sxFHHa7TL4jd0,"1uNFoZAHBGtllmzznpCI3s,6USv9qhCn6zfxlBQIYJ9qs","Die For You (feat. Dominic Fike)","Justice (Triple Chucks Deluxe)","Justin Bieber,Dominic Fike",2021-03-26,198425,44,spotify:user:12132863200,2023-11-04T03:17:12Z,"canadian pop,pop,alternative pop rock,pov: indie",0.728,0.629,1,-6.629,1,0.0318,0.00196,0.00000194,0.0847,0.71,135.031,4
1woTc5oI7Eqj8thvGfdsxw,"1uNFoZAHBGtllmzznpCI3s","Hold On","Justice (Triple Chucks Deluxe)","Justin Bieber",2021-03-26,170813,46,spotify:user:12132863200,2023-11-04T03:17:12Z,"canadian pop,pop",0.658,0.634,1,-6.068,0,0.0431,0.0104,0,0.12,0.302,140.002,4
5rqtv4ydUZIztLYmtfArOf,"1uNFoZAHBGtllmzznpCI3s","Somebody","Justice (Triple Chucks Deluxe)","Justin Bieber",2021-03-26,179414,44,spotify:user:12132863200,2023-11-04T03:17:12Z,"canadian pop,pop",0.551,0.756,2,-7.679,1,0.045,0.000284,0.0000948,0.118,0.359,75.991,4
3mVZMDBFT5EjUut8wcRFHx,"1uNFoZAHBGtllmzznpCI3s","Ghost","Justice (Triple Chucks Deluxe)","Justin Bieber",2021-03-26,153190,48,spotify:user:12132863200,2023-11-04T03:17:12Z,"canadian pop,pop",0.601,0.741,2,-5.569,1,0.0478,0.185,0.0000291,0.415,0.441,153.96,4
3wKpoOfaQaxdnalXMqSPpO,"1uNFoZAHBGtllmzznpCI3s,20wkVLutqVOYrc0kxFs7rA,4fxd5Ee7UefO4CUXgwJ7IP","Peaches (feat. Daniel Caesar & Giveon)","Justice (Triple Chucks Deluxe)","Justin Bieber,Daniel Caesar,Giveon",2021-03-26,198081,47,spotify:user:12132863200,2023-11-04T03:17:12Z,"canadian pop,pop,canadian contemporary r&b,r&b",0.677,0.696,0,-6.181,1,0.119,0.321,0,0.42,0.464,90.03,4
0Zmkb0nqXMqpUgJQrXXHnb,"1uNFoZAHBGtllmzznpCI3s,46MWeeHNVMYRIIofQBEX98","Love You Different (feat. BEAM)","Justice (Triple Chucks Deluxe)","Justin Bieber,BEAM",2021-03-26,186695,42,spotify:user:12132863200,2023-11-04T03:17:12Z,"canadian pop,pop,canadian hip hop,trap soul",0.759,0.584,8,-6.655,1,0.06,0.0652,0.00000159,0.16,0.374,127.138,4
3vw444I3uzqwcEryeh5Z6H,"1uNFoZAHBGtllmzznpCI3s,3wcj11K77LjEY1PkEazffa","Loved By You (feat. Burna Boy)","Justice (Triple Chucks Deluxe)","Justin Bieber,Burna Boy",2021-03-26,159250,44,spotify:user:12132863200,2023-11-04T03:17:12Z,"canadian pop,pop,afrobeats,azontobeats,dancehall,nigerian hip hop,nigerian pop",0.79,0.724,1,-6.972,1,0.0852,0.0696,0.00000233,0.113,0.642,101.04,4
0lNotCAaSDP4itCAtEE7My,"1uNFoZAHBGtllmzznpCI3s","Anyone","Justice (Triple Chucks Deluxe)","Justin Bieber",2021-03-26,190779,44,spotify:user:12132863200,2023-11-04T03:17:12Z,"canadian pop,pop",0.685,0.521,2,-8.285,1,0.0345,0.185,0.00000359,0.111,0.578,115.885,4
3353R7ZeupOP7Rp7o94mqa,"1uNFoZAHBGtllmzznpCI3s,5CiGnKThu5ctn9pBxv7DGa","Lonely (with benny blanco)","Justice (Triple Chucks Deluxe)","Justin Bieber,benny blanco",2021-03-26,149189,43,spotify:user:12132863200,2023-11-04T03:17:12Z,"canadian pop,pop",0.619,0.241,11,-7.102,0,0.046,0.9,0,0.116,0.0719,79.461,4
7i2xVGqiF5FBPvLg6PLHX3,"1uNFoZAHBGtllmzznpCI3s,4O15NlyKLIASxsJ0PrXPfz","There She Go (feat. Lil Uzi Vert)","Justice (Triple Chucks Deluxe)","Justin Bieber,Lil Uzi Vert",2021-03-26,215019,55,spotify:user:12132863200,2023-11-04T03:17:12Z,"canadian pop,pop,hip hop,melodic rap,philly rap,rage rap,rap",0.725,0.716,9,-5.448,1,0.0349,0.00945,0,0.119,0.904,150.074,4
4C9pETarpQoI5ODtx6My41,"1uNFoZAHBGtllmzznpCI3s,0xOeVMOz2fVg5BJY3N6akT","I Can't Be Myself (feat. Jaden)","Justice (Triple Chucks Deluxe)","Justin Bieber,Jaden",2021-03-26,193359,51,spotify:user:12132863200,2023-11-04T03:17:12Z,"canadian pop,pop,pop rap,rap",0.704,0.659,3,-5.959,1,0.0315,0.00197,0.00000336,0.141,0.542,120.064,4
10Z9RbwrTbQ0gQeNRJ2dC1,"1uNFoZAHBGtllmzznpCI3s","Lifetime","Justice (Triple Chucks Deluxe)","Justin Bieber",2021-03-26,207020,62,spotify:user:12132863200,2023-11-04T03:17:12Z,"canadian pop,pop",0.48,0.274,2,-7.083,1,0.0317,0.771,0,0.114,0.332,179.637,3
4pIC8i4jv9HT1CPH2aGbw3,"1uNFoZAHBGtllmzznpCI3s,0VRj0yCOv2FXJNP47XQnx5","Wish You Would (feat. Quavo)","Justice (Triple Chucks Deluxe)","Justin Bieber,Quavo",2021-03-26,241391,48,spotify:user:12132863200,2023-11-04T03:17:12Z,"canadian pop,pop,atl hip hop,melodic rap,rap,trap",0.628,0.702,7,-4.918,1,0.0327,0.0328,0,0.0811,0.444,139.968,4
6iKFUkq6GmaW4UQGED1tSd,"1uNFoZAHBGtllmzznpCI3s,4r63FhuTkUYltbVAg5TQnk","Know No Better (feat. DaBaby)","Justice (Triple Chucks Deluxe)","Justin Bieber,DaBaby",2021-03-26,161819,55,spotify:user:12132863200,2023-11-04T03:17:12Z,"canadian pop,pop,hip hop,north carolina hip hop,pop rap,rap,trap",0.67,0.441,7,-7.803,1,0.104,0.615,0,0.0947,0.849,131.92,4
6EKDPhgCDL2cwRvloAEwSP,"1uNFoZAHBGtllmzznpCI3s,1vSN1fsvrzpbttOYGsliDr","Name (feat. Tori Kelly)","Justice (Triple Chucks Deluxe)","Justin Bieber,Tori Kelly",2021-03-26,159724,53,spotify:user:12132863200,2023-11-04T03:17:12Z,"canadian pop,pop,post-teen pop",0.45,0.324,4,-7.564,1,0.0264,0.829,0,0.089,0.291,151.658,4
5E75Cr0oqxGoX0YYwdC3nZ,"1uNFoZAHBGtllmzznpCI3s,23zg3TcAtWQy7J6upgbUnj,7hJcb9fa4alzcOq3EaNPoG,3ipn9JLAPI5GUEo4y4jcoi","Peaches (Remix) feat. Ludacris, Usher & Snoop Dogg","Peaches (Remix)","Justin Bieber,USHER,Snoop Dogg,Ludacris",2021-06-07,229472,55,spotify:user:12132863200,2023-11-04T03:17:14Z,"canadian pop,pop,atl hip hop,contemporary r&b,dance pop,r&b,rap,south carolina hip hop,urban contemporary,g funk,gangster rap,hip hop,pop rap,west coast rap,dirty south rap,old school atlanta hip hop,southern hip hop,trap",0.64,0.69,0,-6.489,1,0.235,0.399,0,0.463,0.59,89.906,4
6lUpRCvUGvAymNGJzVywN8,"1uNFoZAHBGtllmzznpCI3s,3dUPwMGYAsymFv80wkqEKl,5yOvAmpIR7hVxiS6Ls5DPO,0lEUtJddtvvDlxtEmF9j0m","Peaches (Masterkraft Remix) feat. Alpha P & Omah Lay","Peaches (Masterkraft Remix)","Justin Bieber,Alpha P,Omah Lay,Masterkraft",2021-06-25,194896,44,spotify:user:12132863200,2023-11-04T03:17:15Z,"canadian pop,pop,nigerian hip hop,nigerian pop,afrobeats",0.597,0.762,0,-5.664,1,0.371,0.124,0,0.0881,0.553,123.967,5
5HCyWlXZPP0y6Gqq8TgA20,"2tIP7SsRs7vjIcLrU85W8J,1uNFoZAHBGtllmzznpCI3s","STAY (with Justin Bieber)","STAY (with Justin Bieber)","The Kid LAROI,Justin Bieber",2021-07-09,141805,86,spotify:user:12132863200,2023-11-04T03:17:16Z,"australian hip hop,canadian pop,pop",0.591,0.764,1,-5.484,1,0.0483,0.0383,0,0.103,0.478,169.928,4
1mSdbey7RstGLY2udgXv74,"3tVQdUvClmAT7URs9V3rsp,1uNFoZAHBGtllmzznpCI3s,687cZJR45JO7jhk1LHIbgq","Essence (feat. Justin Bieber & Tems)","Essence (feat. Justin Bieber & Tems)","Wizkid,Justin Bieber,Tems",2021-08-13,263288,66,spotify:user:12132863200,2023-11-04T03:17:17Z,"afrobeats,afropop,azonto,nigerian hip hop,nigerian pop,canadian pop,pop,afro r&b,alte",0.835,0.691,0,-5.828,1,0.113,0.0159,0.0000144,0.108,0.581,103.999,4
55sgQENF3LY1sUcJUwasLl,"5he5w2lnU9x7JFhnwcekXX,1uNFoZAHBGtllmzznpCI3s,4Gso3d4CscCijv0lmajZWs","Don’t Go (with Justin Bieber & Don Toliver)","Don’t Go (with Justin Bieber & Don Toliver)","Skrillex,Justin Bieber,Don Toliver",2021-08-20,168253,63,spotify:user:12132863200,2023-11-04T03:17:21Z,"brostep,complextro,edm,electro,pop dance,canadian pop,pop,pop rap,rap,trap",0.689,0.695,11,-5.22,1,0.0429,0.019,0,0.123,0.359,75.05,4
6i4G85fdtDwK6UpQba337E,"1uNFoZAHBGtllmzznpCI3s","2 Much","Justice (The Complete Edition)","Justin Bieber",2021-10-08,152796,51,spotify:user:12132863200,2023-11-04T03:17:31Z,"canadian pop,pop",0.583,0.444,9,-8.601,1,0.0456,0.593,0,0.353,0.167,119.59,4
2t96tGXVqmNT9KbbIXyEP1,"1uNFoZAHBGtllmzznpCI3s","Deserve You","Justice (The Complete Edition)","Justin Bieber",2021-10-08,187238,49,spotify:user:12132863200,2023-11-04T03:17:31Z,"canadian pop,pop",0.677,0.633,7,-7.831,1,0.0771,0.0314,0,0.112,0.409,89.934,4
5RE1BlC2bVRL02T0wcLq2X,"1uNFoZAHBGtllmzznpCI3s,6LuN9FCkKOj5PcnpouEgny","As I Am (feat. Khalid)","Justice (The Complete Edition)","Justin Bieber,Khalid",2021-10-08,174406,49,spotify:user:12132863200,2023-11-04T03:17:31Z,"canadian pop,pop,pop r&b",0.595,0.543,11,-8.149,1,0.038,0.127,0,0.0975,0.109,99.928,4
3Ic8V1CEjOY53OVpo2k1Ap,"1uNFoZAHBGtllmzznpCI3s","Off My Face","Justice (The Complete Edition)","Justin Bieber",2021-10-08,156467,51,spotify:user:12132863200,2023-11-04T03:17:31Z,"canadian pop,pop",0.509,0.228,4,-8.68,1,0.0332,0.92,0,0.104,0.586,90.674,4
2HFHwTr1IBWheGoQtNNKtx,"1uNFoZAHBGtllmzznpCI3s,1anyVhU62p31KFi8MEzkbf","Holy (feat. Chance The Rapper)","Justice (The Complete Edition)","Justin Bieber,Chance the Rapper",2021-10-08,212093,49,spotify:user:12132863200,2023-11-04T03:17:31Z,"canadian pop,pop,chicago rap,conscious hip hop,hip hop,pop rap,rap",0.67,0.693,6,-8.34,1,0.35,0.2,0,0.0909,0.388,87.017,4
7K5ASMnqnCR42bJBJ3GAVz,"1uNFoZAHBGtllmzznpCI3s,2tIP7SsRs7vjIcLrU85W8J","Unstable (feat. The Kid LAROI)","Justice (The Complete Edition)","Justin Bieber,The Kid LAROI",2021-10-08,158324,48,spotify:user:12132863200,2023-11-04T03:17:31Z,"canadian pop,pop,australian hip hop",0.495,0.333,4,-10.109,0,0.0288,0.737,0,0.112,0.37,99.757,4
5D0ylGlouZRFfaCLgmm1wA,"28QlAisHETVQGqLPDfo3eC","MLK Interlude","Justice (The Complete Edition)","-",2021-10-08,104007,43,spotify:user:12132863200,2023-11-04T03:17:31Z,"",0.649,0.429,10,-8.428,0,0.468,0.386,0,0.311,0.426,100.389,3
7enNMlrM074O02PPj5ena0,"1uNFoZAHBGtllmzznpCI3s,6USv9qhCn6zfxlBQIYJ9qs","Die For You (feat. Dominic Fike)","Justice (The Complete Edition)","Justin Bieber,Dominic Fike",2021-10-08,198425,47,spotify:user:12132863200,2023-11-04T03:17:31Z,"canadian pop,pop,alternative pop rock,pov: indie",0.728,0.629,1,-6.629,1,0.0318,0.00196,0.00000194,0.0847,0.71,135.031,4
6vnSlld7gcZOOZo9O3Bw16,"1uNFoZAHBGtllmzznpCI3s","Hold On","Justice (The Complete Edition)","Justin Bieber",2021-10-08,170813,48,spotify:user:12132863200,2023-11-04T03:17:31Z,"canadian pop,pop",0.658,0.634,1,-6.068,0,0.0431,0.0104,0,0.12,0.302,140.002,4
5kHn6VJfMEThQYcG9AayaR,"1uNFoZAHBGtllmzznpCI3s","Somebody","Justice (The Complete Edition)","Justin Bieber",2021-10-08,179414,47,spotify:user:12132863200,2023-11-04T03:17:31Z,"canadian pop,pop",0.551,0.756,2,-7.679,1,0.045,0.000284,0.0000948,0.118,0.359,75.991,4
7ya7Jv4hJ9W0Baz7h9nL7E,"1uNFoZAHBGtllmzznpCI3s","Ghost","Justice (The Complete Edition)","Justin Bieber",2021-10-08,153190,54,spotify:user:12132863200,2023-11-04T03:17:31Z,"canadian pop,pop",0.601,0.741,2,-5.569,1,0.0478,0.185,0.0000291,0.415,0.441,153.96,4
2vxifWbsK3QiAy1vriVbNE,"1uNFoZAHBGtllmzznpCI3s,20wkVLutqVOYrc0kxFs7rA,4fxd5Ee7UefO4CUXgwJ7IP","Peaches (feat. Daniel Caesar & Giveon)","Justice (The Complete Edition)","Justin Bieber,Daniel Caesar,Giveon",2021-10-08,198081,48,spotify:user:12132863200,2023-11-04T03:17:31Z,"canadian pop,pop,canadian contemporary r&b,r&b",0.677,0.696,0,-6.181,1,0.119,0.321,0,0.42,0.464,90.03,4
7knk6teYVDHhS2VZ2ea5nL,"1uNFoZAHBGtllmzznpCI3s,46MWeeHNVMYRIIofQBEX98","Love You Different (feat. BEAM)","Justice (The Complete Edition)","Justin Bieber,BEAM",2021-10-08,186695,46,spotify:user:12132863200,2023-11-04T03:17:31Z,"canadian pop,pop,canadian hip hop,trap soul",0.759,0.584,8,-6.655,1,0.06,0.0652,0.00000159,0.16,0.374,127.138,4
5zNjOYCjXVaEEowdRqanBg,"1uNFoZAHBGtllmzznpCI3s,3wcj11K77LjEY1PkEazffa","Loved By You (feat. Burna Boy)","Justice (The Complete Edition)","Justin Bieber,Burna Boy",2021-10-08,159250,46,spotify:user:12132863200,2023-11-04T03:17:31Z,"canadian pop,pop,afrobeats,azontobeats,dancehall,nigerian hip hop,nigerian pop",0.79,0.724,1,-6.972,1,0.0852,0.0696,0.00000233,0.113,0.642,101.04,4
3irLUcs5dBYhGeDze2fPO6,"1uNFoZAHBGtllmzznpCI3s","Anyone","Justice (The Complete Edition)","Justin Bieber",2021-10-08,190779,47,spotify:user:12132863200,2023-11-04T03:17:31Z,"canadian pop,pop",0.685,0.521,2,-8.285,1,0.0345,0.185,0.00000359,0.111,0.578,115.885,4
3uhWobYmvGnpN4a2LGnGQH,"1uNFoZAHBGtllmzznpCI3s,5CiGnKThu5ctn9pBxv7DGa","Lonely (with benny blanco)","Justice (The Complete Edition)","Justin Bieber,benny blanco",2021-10-08,149189,47,spotify:user:12132863200,2023-11-04T03:17:31Z,"canadian pop,pop",0.619,0.241,11,-7.102,0,0.046,0.9,0,0.116,0.0719,79.461,4
1fWMpx0wmv2fVCHEX9MmP6,"1uNFoZAHBGtllmzznpCI3s,4O15NlyKLIASxsJ0PrXPfz","There She Go (feat. Lil Uzi Vert)","Justice (The Complete Edition)","Justin Bieber,Lil Uzi Vert",2021-10-08,215019,46,spotify:user:12132863200,2023-11-04T03:17:31Z,"canadian pop,pop,hip hop,melodic rap,philly rap,rage rap,rap",0.725,0.716,9,-5.448,1,0.0349,0.00945,0,0.119,0.904,150.074,4
6lYxkQglLrKTc0mfTj7Esl,"1uNFoZAHBGtllmzznpCI3s,0xOeVMOz2fVg5BJY3N6akT","I Can't Be Myself (feat. Jaden)","Justice (The Complete Edition)","Justin Bieber,Jaden",2021-10-08,193359,46,spotify:user:12132863200,2023-11-04T03:17:31Z,"canadian pop,pop,pop rap,rap",0.704,0.659,3,-5.959,1,0.0315,0.00197,0.00000336,0.141,0.542,120.064,4
5sQD5Wiz5sjT02MjQUvkxq,"1uNFoZAHBGtllmzznpCI3s","Lifetime","Justice (The Complete Edition)","Justin Bieber",2021-10-08,207020,48,spotify:user:12132863200,2023-11-04T03:17:31Z,"canadian pop,pop",0.48,0.274,2,-7.083,1,0.0317,0.771,0,0.114,0.332,179.637,3
5oOwrzVOUXoqUUMwWH0U71,"1uNFoZAHBGtllmzznpCI3s,0VRj0yCOv2FXJNP47XQnx5","Wish You Would (feat. Quavo)","Justice (The Complete Edition)","Justin Bieber,Quavo",2021-10-08,241391,45,spotify:user:12132863200,2023-11-04T03:17:31Z,"canadian pop,pop,atl hip hop,melodic rap,rap,trap",0.628,0.702,7,-4.918,1,0.0327,0.0328,0,0.0811,0.444,139.968,4
7nGXisQHTmaOHpVRehSlhe,"1uNFoZAHBGtllmzznpCI3s,4r63FhuTkUYltbVAg5TQnk","Know No Better (feat. DaBaby)","Justice (The Complete Edition)","Justin Bieber,DaBaby",2021-10-08,161819,45,spotify:user:12132863200,2023-11-04T03:17:31Z,"canadian pop,pop,hip hop,north carolina hip hop,pop rap,rap,trap",0.67,0.441,7,-7.803,1,0.104,0.615,0,0.0947,0.849,131.92,4
15NqDX3qmiDYIRYqVNmZIB,"1uNFoZAHBGtllmzznpCI3s,1vSN1fsvrzpbttOYGsliDr","Name (feat. Tori Kelly)","Justice (The Complete Edition)","Justin Bieber,Tori Kelly",2021-10-08,159724,45,spotify:user:12132863200,2023-11-04T03:17:31Z,"canadian pop,pop,post-teen pop",0.45,0.324,4,-7.564,1,0.0264,0.829,0,0.089,0.291,151.658,4
24OeEKPQ8qqNZnPevRHxUT,"1uNFoZAHBGtllmzznpCI3s,0tvpihdAsKiNnP6sWS3jUI","Red Eye (feat. TroyBoi)","Justice (The Complete Edition)","Justin Bieber,TroyBoi",2021-10-08,187452,65,spotify:user:12132863200,2023-11-04T03:17:31Z,"canadian pop,pop,bass trap,electronic trap",0.815,0.816,5,-4.393,0,0.0513,0.0501,0.000887,0.0761,0.774,96.033,4
6mrUAKW4UA7ygQzoyekxxr,"1uNFoZAHBGtllmzznpCI3s,3JXpwnHbLvXxY99EuXqFPX","Angels Speak","Justice (The Complete Edition)","Justin Bieber,Poo Bear",2021-10-08,231667,51,spotify:user:12132863200,2023-11-04T03:17:31Z,"canadian pop,pop,pop r&b",0.522,0.243,1,-7.796,1,0.0461,0.874,0,0.098,0.569,119.341,3
23EquxExXkNmGCCY96P0Iu,"1uNFoZAHBGtllmzznpCI3s","Hailey","Justice (The Complete Edition)","Justin Bieber",2021-10-08,193354,66,spotify:user:12132863200,2023-11-04T03:17:31Z,"canadian pop,pop",0.462,0.745,0,-6.588,0,0.0699,0.0367,0,0.0795,0.254,100.042,4
2TB7t45lVP3l5DyVVX0goz,"2EMAnMvWE2eb56ToJVfCWs,1uNFoZAHBGtllmzznpCI3s,3JXpwnHbLvXxY99EuXqFPX","lonely christmas (feat. Justin Bieber & Poo Bear)","lonely christmas (feat. Justin Bieber & Poo Bear)","Bryson Tiller,Justin Bieber,Poo Bear",2021-11-18,230577,40,spotify:user:12132863200,2023-11-04T03:17:32Z,"kentucky hip hop,r&b,rap,canadian pop,pop,pop r&b",0.74,0.759,2,-4.972,1,0.0356,0.0678,0.00000919,0.088,0.631,100.015,4
6tTeRmhhuwDl5Y4UiJdHuO,"5yOvAmpIR7hVxiS6Ls5DPO,1uNFoZAHBGtllmzznpCI3s","attention (with Justin Bieber)","attention (with Justin Bieber)","Omah Lay,Justin Bieber",2022-03-03,180563,63,spotify:user:12132863200,2023-11-04T03:17:34Z,"afrobeats,nigerian pop,canadian pop,pop",0.817,0.72,5,-8.134,0,0.0809,0.172,0.000726,0.109,0.384,119.989,4
4WghJOMjDpGdlk3b8aJIgy,"0cGUm45nv7Z6M6qdXYQGTX,1uNFoZAHBGtllmzznpCI3s","up at night (feat. justin bieber)","up at night (feat. justin bieber)","Kehlani,Justin Bieber",2022-03-30,182226,62,spotify:user:12132863200,2023-11-04T03:17:34Z,"pop,r&b,rap,canadian pop",0.563,0.756,0,-3.852,0,0.0579,0.196,0,0.245,0.234,100.012,4
2AVaz5BV1gTrjSZt0HZ8dV,"1uNFoZAHBGtllmzznpCI3s","I Feel Funny","I Feel Funny","Justin Bieber",2022-04-27,75546,44,spotify:user:12132863200,2023-11-04T03:17:37Z,"canadian pop,pop",0.961,0.14,1,-12.742,1,0.59,0.333,0.00689,0.111,0.234,120.019,4
2KdKh9vHbKW0tZLqtpxxI0,"1uNFoZAHBGtllmzznpCI3s,4Gso3d4CscCijv0lmajZWs","Honest (feat. Don Toliver)","Honest","Justin Bieber,Don Toliver",2022-04-29,193322,68,spotify:user:12132863200,2023-11-04T03:17:38Z,"canadian pop,pop,pop rap,rap,trap",0.81,0.655,8,-6.779,0,0.0698,0.127,0.0000816,0.105,0.809,150.002,4
3e10Ct9oFcIdgFjkDUBV2k,"1uNFoZAHBGtllmzznpCI3s","Beautiful Love - Free Fire","Beautiful Love (Free Fire)","Justin Bieber",2022-08-30,207837,66,spotify:user:12132863200,2023-11-04T03:17:39Z,"canadian pop,pop",0.789,0.602,4,-7.465,0,0.0477,0.0568,0.00000101,0.108,0.525,111.022,4
4EDTT4kSqfpc0FKuxfNo2E,"4Gso3d4CscCijv0lmajZWs,1uNFoZAHBGtllmzznpCI3s,1RyvyyTE3xzB2ZywiAwp0i","Private Landing (feat. Justin Bieber & Future)","Private Landing (feat. Justin Bieber & Future)","Don Toliver,Justin Bieber,Future",2023-02-23,238253,63,spotify:user:12132863200,2023-11-04T03:17:40Z,"pop rap,rap,trap,canadian pop,pop,atl hip hop,hip hop,southern hip hop",0.858,0.641,1,-4.31,0,0.0954,0.111,0.0000212,0.109,0.445,136.991,4
5YABYtKx9qa56vBjlXDbmw,"7tYKF4w9nC0nq9CsPZTHyP,1uNFoZAHBGtllmzznpCI3s","Snooze (Acoustic) (feat. Justin Bieber)","Snooze (Acoustic) (feat. Justin Bieber)","SZA,Justin Bieber",2023-09-15,190464,81,spotify:user:12132863200,2023-11-04T03:17:41Z,"pop,r&b,rap,canadian pop",0.462,0.331,9,-8.794,0,0.0432,0.911,0,0.15,0.604,141.364,3
